,times,frequency,temperature,mass_flow,volume_flow,mouth_pressure,offset,theta,radius,alpha,z,x,alpha_ref,z_ref,x_ref,flow_ref
0,3109.139242172241,153.85328652602882,30.681249618530273,0.0,0.0,-0.001093697384931147,139.0,45.0,156.54,0.0,0.0,0.0,0.0,0.0,0.0,0.0
1,3109.157636642456,153.85328652602882,30.681249618530273,0.0,0.0,-0.001093697384931147,139.0,45.0,156.54,0.0,0.0,0.0,0.0,0.0,0.0,0.0
2,3109.1846816539764,153.85328652602882,30.681249618530273,0.0,0.0,-0.0010848771780729294,139.0,45.0,156.54,0.0,0.0,0.0,0.0,0.0,0.0,0.0
3,3109.2054657936096,153.85328652602882,30.681249618530273,0.0,0.0,-0.0010690009221434593,139.0,45.0,156.54,0.0,0.0,0.0,0.0,0.0,0.0,0.0
4,3109.206717967987,153.85328652602882,30.681249618530273,0.0,0.0,-0.0010690009221434593,139.0,45.0,156.54,0.0,0.0,0.0,0.0,0.0,0.0,0.0
5,3109.22039937973,117.63907907861635,30.681249618530273,0.0,0.0,-0.0010690009221434593,139.0,45.0,156.54,0.0,0.0,0.0,0.0,0.0,0.0,0.0
6,3109.226243019104,117.63907907861635,30.681249618530273,0.0,0.0,-0.0010707649635151029,139.0,45.0,156.54,0.0,0.0,0.0,0.0,0.0,0.0,0.0
7,3109.24538230896,117.63907907861635,30.681249618530273,0.0,0.0,-0.0010725290048867464,139.0,45.0,156.54,0.0,0.0,0.0,0.0,0.0,0.0,0.0
8,3109.2464821338654,117.63907907861635,30.681249618530273,0.0,0.0,-0.0010725290048867464,139.0,45.0,156.54,0.0,0.0,0.0,0.0,0.0,0.0,0.0
9,3109.273780822754,117.63907907861635,30.681249618530273,0.0,0.0,-0.0010637089144438505,139.0,45.0,156.54,0.0,0.0,0.0,0.0,0.0,0.0,0.0
10,3109.2815816402435,117.63907907861635,30.681249618530273,0.0,0.0,-0.001086641219444573,139.0,45.0,156.54,0.0,0.0,0.0,0.0,0.0,0.0,0.0
11,3109.2945852279663,117.63907907861635,30.681249618530273,0.0,0.0,-0.001086641219444573,139.0,45.0,156.54,0.0,0.0,0.0,0.0,0.0,0.0,0.0
12,3109.3028371334076,117.63907907861635,30.681249618530273,0.0,0.0,-0.001086641219444573,139.0,45.0,156.54,0.0,0.0,0.0,0.0,0.0,0.0,0.0
13,3109.3198499679565,117.63907907861635,30.681249618530273,0.0,0.0,-0.001086641219444573,139.0,45.0,156.54,0.0,0.0,0.0,0.0,0.0,0.0,0.0
14,3109.3226952552795,117.63907907861635,30.681249618530273,0.0,0.0,-0.0010848771780729294,139.0,45.0,156.54,0.0,0.0,0.0,0.0,0.0,0.0,0.0
15,3109.332684993744,117.63907907861635,30.681249618530273,0.0,0.0,-0.0010848771780729294,139.0,45.0,156.54,0.0,0.0,0.0,0.0,0.0,0.0,0.0
16,3109.341714859009,101.17466011385442,30.681249618530273,0.0,0.0,-0.001077821129001677,139.0,45.0,156.54,0.0,0.0,0.0,0.0,0.0,0.0,0.0
17,3109.3791699409485,101.17466011385442,30.681249618530273,0.0,0.0,-0.0010690009221434593,139.0,45.0,156.54,0.0,0.0,0.0,0.0,0.0,0.0,0.0
18,3109.3867032527924,101.17466011385442,30.681249618530273,0.0,0.0,-0.0010672368807718158,139.0,45.0,156.54,0.0,0.0,0.0,0.0,0.0,0.0,0.0
19,3109.4004850387573,101.17466011385442,30.681249618530273,0.0,0.0,-0.0010813490953296423,139.0,45.0,156.54,0.0,0.0,0.0,0.0,0.0,0.0,0.0
20,3109.4035818576813,101.17466011385442,30.681249618530273,0.0,0.0,-0.0010813490953296423,139.0,45.0,156.54,0.0,0.0,0.0,0.0,0.0,0.0,0.0
21,3109.4238221645355,101.17466011385442,30.681249618530273,0.0,0.0,-0.001077821129001677,139.0,45.0,156.54,0.0,0.0,0.0,0.0,0.0,0.0,0.0
22,3109.424892425537,101.17466011385442,30.681249618530273,0.0,0.0,-0.001077821129001677,139.0,45.0,156.54,0.0,0.0,0.0,0.0,0.0,0.0,0.0
23,3109.440332174301,117.88456710977275,30.681249618530273,0.0,0.0,-0.0010725290048867464,139.0,45.0,156.54,0.0,0.0,0.0,0.0,0.0,0.0,0.0
24,3109.4462518692017,117.88456710977275,30.681249618530273,0.0,0.0,-0.0010637089144438505,139.0,45.0,156.54,0.0,0.0,0.0,0.0,0.0,0.0,0.0
25,3109.455514192581,117.88456710977275,30.681249618530273,0.0,0.0,-0.0010637089144438505,139.0,45.0,156.54,0.0,0.0,0.0,0.0,0.0,0.0,0.0
26,3109.47216629982,117.88456710977275,30.681249618530273,0.0,0.0,-0.0010690009221434593,139.0,45.0,156.54,0.0,0.0,0.0,0.0,0.0,0.0,0.0
27,3109.486980676651,117.88456710977275,30.681249618530273,0.0,0.0,-0.0011007534340023994,139.0,45.0,156.54,0.0,0.0,0.0,0.0,0.0,0.0,0.0
28,3109.507619857788,117.88456710977275,30.681249618530273,0.0,0.0,-0.0011007534340023994,139.0,45.0,156.54,0.0,0.0,0.0,0.0,0.0,0.0,0.0
29,3109.5090885162354,117.88456710977275,30.681249618530273,0.0,0.0,-0.0010760570876300335,139.0,45.0,156.54,0.0,0.0,0.0,0.0,0.0,0.0,0.0
30,3109.5257081985474,117.88456710977275,30.681249618530273,0.0,0.0,-0.001077821129001677,139.0,45.0,156.54,0.0,0.0,0.0,0.0,0.0,0.0,0.0
31,3109.529762983322,117.88456710977275,30.681249618530273,0.0,0.0,-0.001077821129001677,139.0,45.0,156.54,0.0,0.0,0.0,0.0,0.0,0.0,0.0
32,3109.547776222229,1475.4388222912864,30.681249618530273,0.0,0.0,-0.0010725290048867464,139.0,45.0,156.54,0.0,0.0,0.0,0.0,0.0,0.0,0.0
33,3109.549115896225,1475.4388222912864,30.681249618530273,0.0,0.0,-0.0010725290048867464,139.0,45.0,156.54,0.0,0.0,0.0,0.0,0.0,0.0,0.0
34,3109.5792152881622,1475.4388222912864,30.681249618530273,0.0,0.0,-0.0010884052608162165,139.0,45.0,156.54,0.0,0.0,0.0,0.0,0.0,0.0,0.0
35,3109.5987408161163,1475.4388222912864,30.681249618530273,0.0,0.0,-0.0010795850539579988,139.0,45.0,156.54,0.0,0.0,0.0,0.0,0.0,0.0,0.0
36,3109.6004803180695,1475.4388222912864,30.681249618530273,0.0,0.0,-0.0010795850539579988,139.0,45.0,156.54,0.0,0.0,0.0,0.0,0.0,0.0,0.0
37,3109.616397857666,1475.4388222912864,30.681249618530273,0.0,0.0,-0.0010795850539579988,139.0,45.0,156.54,0.0,0.0,0.0,0.0,0.0,0.0,0.0
38,3109.622545003891,1475.4388222912864,30.681249618530273,0.0,0.0,-0.0010848771780729294,139.0,45.0,156.54,0.0,0.0,0.0,0.0,0.0,0.0,0.0
39,3109.6436202526093,295.8866217152977,30.681249618530273,0.0,0.0,-0.0010831131367012858,139.0,45.0,156.54,0.0,0.0,0.0,0.0,0.0,0.0,0.0
40,3109.645406961441,295.8866217152977,30.681249618530273,0.0,0.0,-0.0010831131367012858,139.0,45.0,156.54,0.0,0.0,0.0,0.0,0.0,0.0,0.0
41,3109.6760182380676,295.8866217152977,30.681249618530273,0.0,0.0,-0.00107429304625839,139.0,45.0,156.54,0.0,0.0,0.0,0.0,0.0,0.0,0.0
42,3109.683900117874,295.8866217152977,30.681249618530273,0.0,0.0,-0.0010690009221434593,139.0,45.0,156.54,0.0,0.0,0.0,0.0,0.0,0.0,0.0
43,3109.6985046863556,295.8866217152977,30.681249618530273,0.0,0.0,-0.0010690009221434593,139.0,45.0,156.54,0.0,0.0,0.0,0.0,0.0,0.0,0.0
44,3109.7043857574463,295.8866217152977,30.681249618530273,0.0,0.0,-0.0010637089144438505,139.0,45.0,156.54,0.0,0.0,0.0,0.0,0.0,0.0,0.0
45,3109.7081713676453,295.8866217152977,30.681249618530273,0.0,0.0,-0.0010637089144438505,139.0,45.0,156.54,0.0,0.0,0.0,0.0,0.0,0.0,0.0
46,3109.721100091934,295.8866217152977,30.681249618530273,0.0,0.0,-0.0010707649635151029,139.0,45.0,156.54,0.0,0.0,0.0,0.0,0.0,0.0,0.0
47,3109.7282514572144,295.8866217152977,30.681249618530273,0.0,0.0,-0.0010707649635151029,139.0,45.0,156.54,0.0,0.0,0.0,0.0,0.0,0.0,0.0
48,3109.7427773475647,295.8866217152977,30.681249618530273,0.0,0.0,-0.0010884052608162165,139.0,45.0,156.54,0.0,0.0,0.0,0.0,0.0,0.0,0.0
49,3109.7475662231445,302.77467458908643,30.681249618530273,0.0,0.0,-0.0010884052608162165,139.0,45.0,156.54,0.0,0.0,0.0,0.0,0.0,0.0,0.0
50,3109.7797689437866,302.77467458908643,30.681249618530273,0.0,0.0,-0.0010848771780729294,139.0,45.0,156.54,0.0,0.0,0.0,0.0,0.0,0.0,0.0
51,3109.7807478904724,302.77467458908643,30.681249618530273,0.0,0.0,-0.0010848771780729294,139.0,45.0,156.54,0.0,0.0,0.0,0.0,0.0,0.0,0.0
52,3109.802174806595,302.77467458908643,30.681249618530273,0.0,0.0,-0.0010848771780729294,139.0,45.0,156.54,0.0,0.0,0.0,0.0,0.0,0.0,0.0
53,3109.8032038211823,302.77467458908643,30.681249618530273,0.0,0.0,-0.0010848771780729294,139.0,45.0,156.54,0.0,0.0,0.0,0.0,0.0,0.0,0.0
54,3109.816029548645,302.77467458908643,30.681249618530273,0.0,0.0,-0.0010848771780729294,139.0,45.0,156.54,0.0,0.0,0.0,0.0,0.0,0.0,0.0
55,3109.821624994278,302.77467458908643,30.681249618530273,0.0,0.0,-0.001077821129001677,139.0,45.0,156.54,0.0,0.0,0.0,0.0,0.0,0.0,0.0
56,3109.8408172130585,302.77467458908643,30.681249618530273,0.0,0.0,-0.0010831131367012858,139.0,45.0,156.54,0.0,0.0,0.0,0.0,0.0,0.0,0.0
57,3109.842028617859,302.77467458908643,30.681249618530273,0.0,0.0,-0.0010831131367012858,139.0,45.0,156.54,0.0,0.0,0.0,0.0,0.0,0.0,0.0
58,3109.861387014389,127.97606831364509,30.681249618530273,0.0,0.0,-0.0010813490953296423,139.0,45.0,156.54,0.0,0.0,0.0,0.0,0.0,0.0,0.0
59,3109.8627865314484,127.97606831364509,30.681249618530273,0.0,0.0,-0.0010813490953296423,139.0,45.0,156.54,0.0,0.0,0.0,0.0,0.0,0.0,0.0
60,3109.8850598335266,127.97606831364509,30.681249618530273,0.0,0.0,-0.0010813490953296423,139.0,45.0,156.54,0.0,0.0,0.0,0.0,0.0,0.0,0.0
61,3109.895215034485,127.97606831364509,30.681249618530273,0.0,0.0,-0.00107429304625839,139.0,45.0,156.54,0.0,0.0,0.0,0.0,0.0,0.0,0.0
62,3109.9100744724274,127.97606831364509,30.681249618530273,0.0,0.0,-0.0010654728394001722,139.0,45.0,156.54,0.0,0.0,0.0,0.0,0.0,0.0,0.0
63,3109.9153978824615,127.97606831364509,30.681249618530273,0.0,0.0,-0.0010654728394001722,139.0,45.0,156.54,0.0,0.0,0.0,0.0,0.0,0.0,0.0
64,3109.9322316646576,127.97606831364509,30.681249618530273,0.0,0.0,-0.0010725290048867464,139.0,45.0,156.54,0.0,0.0,0.0,0.0,0.0,0.0,0.0
65,3109.936046361923,128.0973604372368,30.681249618530273,0.0,0.0,-0.0010725290048867464,139.0,45.0,156.54,0.0,0.0,0.0,0.0,0.0,0.0,0.0
66,3109.9508407115936,128.0973604372368,30.681249618530273,0.0,0.0,-0.0010760570876300335,139.0,45.0,156.54,0.0,0.0,0.0,0.0,0.0,0.0,0.0
67,3109.9752628803253,128.0973604372368,30.681249618530273,0.0,0.0,-0.0010972253512591124,139.0,45.0,156.54,0.0,0.0,0.0,0.0,0.0,0.0,0.0
68,3109.9818279743195,128.0973604372368,30.681249618530273,0.0,0.0,-0.001086641219444573,139.0,45.0,156.54,0.0,0.0,0.0,0.0,0.0,0.0,0.0
69,3109.9954187870026,128.0973604372368,30.681249618530273,0.0,0.0,-0.001086641219444573,139.0,45.0,156.54,0.0,0.0,0.0,0.0,0.0,0.0,0.0
70,3110.000755548477,128.0973604372368,30.681249618530273,0.0,0.0,-0.001093697384931147,139.0,45.0,156.54,0.0,0.0,0.0,0.0,0.0,0.0,0.0
71,3110.0093359947205,128.0973604372368,30.681249618530273,0.0,0.0,-0.001093697384931147,139.0,45.0,156.54,0.0,0.0,0.0,0.0,0.0,0.0,0.0
72,3110.0183985233307,128.0973604372368,30.681249618530273,0.0,0.0,-0.0010954613098874688,139.0,45.0,156.54,0.0,0.0,0.0,0.0,0.0,0.0,0.0
73,3110.0291826725006,128.0973604372368,30.681249618530273,0.0,0.0,-0.0010954613098874688,139.0,45.0,156.54,0.0,0.0,0.0,0.0,0.0,0.0,0.0
74,3110.038416862488,128.0973604372368,30.681249618530273,0.0,0.0,-0.00109016930218786,139.0,45.0,156.54,0.0,0.0,0.0,0.0,0.0,0.0,0.0
75,3110.0623891353607,129.87490442500143,30.681249618530273,0.0,0.0,-0.001093697384931147,139.0,45.0,156.54,0.0,0.0,0.0,0.0,0.0,0.0,0.0
76,3110.0718655586243,129.87490442500143,30.681249618530273,0.0,0.0,-0.001093697384931147,139.0,45.0,156.54,0.0,0.0,0.0,0.0,0.0,0.0,0.0
77,3110.083425283432,129.87490442500143,30.681249618530273,0.0,0.0,-0.001086641219444573,139.0,45.0,156.54,0.0,0.0,0.0,0.0,0.0,0.0,0.0
78,3110.1032752990723,129.87490442500143,30.681249618530273,0.0,0.0,-0.0010954613098874688,139.0,45.0,156.54,0.0,0.0,0.0,0.0,0.0,0.0,0.0
79,3110.104400873184,129.87490442500143,30.681249618530273,0.0,0.0,-0.0010954613098874688,139.0,45.0,156.54,0.0,0.0,0.0,0.0,0.0,0.0,0.0
80,3110.1107380390167,129.87490442500143,30.681249618530273,0.0,0.0,-0.00109016930218786,139.0,45.0,156.54,0.0,0.0,0.0,0.0,0.0,0.0,0.0
81,3110.1206114292145,129.87490442500143,30.681249618530273,0.0,0.0,-0.00109016930218786,139.0,45.0,156.54,0.0,0.0,0.0,0.0,0.0,0.0,0.0
82,3110.14200425148,129.87490442500143,30.681249618530273,0.0,0.0,-0.0010848771780729294,139.0,45.0,156.54,0.0,0.0,0.0,0.0,0.0,0.0,0.0
83,3110.1458780765533,129.87490442500143,30.681249618530273,0.0,0.0,-0.0010848771780729294,139.0,45.0,156.54,0.0,0.0,0.0,0.0,0.0,0.0,0.0
84,3110.1753811836243,129.87490442500143,30.681249618530273,0.0,0.0,-0.0011007534340023994,139.0,45.0,156.54,0.0,0.0,0.0,0.0,0.0,0.0,0.0
85,3110.1890099048615,129.87490442500143,30.681249618530273,0.0,0.0,-0.0011007534340023994,139.0,45.0,156.54,0.0,0.0,0.0,0.0,0.0,0.0,0.0
86,3110.214786529541,129.87490442500143,30.681249618530273,0.0,0.0,-0.00110604555811733,139.0,45.0,156.54,0.0,0.0,0.0,0.0,0.0,0.0,0.0
87,3110.2170474529266,102.65614473865493,30.681249618530273,0.0,0.0,-0.00110604555811733,139.0,45.0,156.54,0.0,0.0,0.0,0.0,0.0,0.0,0.0
88,3110.2190165519714,102.65614473865493,30.681249618530273,0.0,0.0,-0.00110604555811733,139.0,45.0,156.54,0.0,0.0,0.0,0.0,0.0,0.0,0.0
89,3110.235372543335,102.65614473865493,30.681249618530273,0.0,0.0,-0.0010954613098874688,139.0,45.0,156.54,0.0,0.0,0.0,0.0,0.0,0.0,0.0
90,3110.239648580551,102.65614473865493,30.681249618530273,0.0,0.0,-0.0010954613098874688,139.0,45.0,156.54,0.0,0.0,0.0,0.0,0.0,0.0,0.0
91,3110.2625811100006,102.65614473865493,30.681249618530273,0.0,0.0,-0.0010972253512591124,139.0,45.0,156.54,0.0,0.0,0.0,0.0,0.0,0.0,0.0
92,3110.2720136642456,102.65614473865493,30.681249618530273,0.0,0.0,-0.0010972253512591124,139.0,45.0,156.54,0.0,0.0,0.0,0.0,0.0,0.0,0.0
93,3110.298588037491,102.65614473865493,30.681249618530273,0.0,0.0,-0.0010954613098874688,139.0,45.0,156.54,0.0,0.0,0.0,0.0,0.0,0.0,0.0
94,3110.3070769309998,102.65614473865493,30.681249618530273,0.0,0.0,-0.0010690009221434593,139.0,45.0,156.54,0.0,0.0,0.0,0.0,0.0,0.0,0.0
95,3110.32075214386,102.65614473865493,30.681249618530273,0.0,0.0,-0.0010672368807718158,139.0,45.0,156.54,0.0,0.0,0.0,0.0,0.0,0.0,0.0
96,3110.331838607788,102.65614473865493,30.681249618530273,0.0,0.0,-0.0010672368807718158,139.0,45.0,156.54,0.0,0.0,0.0,0.0,0.0,0.0,0.0
97,3110.3382153511047,102.65614473865493,30.681249618530273,0.0,0.0,-0.0010848771780729294,139.0,45.0,156.54,0.0,0.0,0.0,0.0,0.0,0.0,0.0
98,3110.376032114029,127.52344094685209,30.681249618530273,0.0,0.0,-0.001086641219444573,139.0,45.0,156.54,0.0,0.0,0.0,0.0,0.0,0.0,0.0
99,3110.377912759781,127.52344094685209,30.681249618530273,0.0,0.0,-0.001086641219444573,139.0,45.0,156.54,0.0,0.0,0.0,0.0,0.0,0.0,0.0
100,3110.399160385132,127.52344094685209,30.681249618530273,0.0,0.0,-0.0010795850539579988,139.0,45.0,156.54,0.0,0.0,0.0,0.0,0.0,0.0,0.0
101,3110.402379989624,127.52344094685209,30.681249618530273,0.0,0.0,-0.001086641219444573,139.0,45.0,156.54,0.0,0.0,0.0,0.0,0.0,0.0,0.0
102,3110.408393383026,127.52344094685209,30.681249618530273,0.0,0.0,-0.001086641219444573,139.0,45.0,156.54,0.0,0.0,0.0,0.0,0.0,0.0,0.0
103,3110.422039747238,127.52344094685209,30.681249618530273,0.0,0.0,-0.00109016930218786,139.0,45.0,156.54,0.0,0.0,0.0,0.0,0.0,0.0,0.0
104,3110.428280353546,127.52344094685209,30.681249618530273,0.0,0.0,-0.00109016930218786,139.0,45.0,156.54,0.0,0.0,0.0,0.0,0.0,0.0,0.0
105,3110.4417853355408,127.52344094685209,30.681249618530273,0.0,0.0,-0.001093697384931147,139.0,45.0,156.54,0.0,0.0,0.0,0.0,0.0,0.0,0.0
106,3110.448972463608,130.65830687206872,30.681249618530273,0.0,0.0,-0.001093697384931147,139.0,45.0,156.54,0.0,0.0,0.0,0.0,0.0,0.0,0.0
107,3110.468205690384,130.65830687206872,30.681249618530273,0.0,0.0,-0.0010919333435595036,139.0,45.0,156.54,0.0,0.0,0.0,0.0,0.0,0.0,0.0
108,3110.4868948459625,130.65830687206872,30.681249618530273,0.0,0.0,-0.0010972253512591124,139.0,45.0,156.54,0.0,0.0,0.0,0.0,0.0,0.0,0.0
109,3110.499011993408,130.65830687206872,30.681249618530273,0.0,0.0,-0.001093697384931147,139.0,45.0,156.54,0.0,0.0,0.0,0.0,0.0,0.0,0.0
110,3110.5041184425354,130.65830687206872,30.681249618530273,0.0,0.0,-0.001093697384931147,139.0,45.0,156.54,0.0,0.0,0.0,0.0,0.0,0.0,0.0
111,3110.5194132328033,130.65830687206872,30.681249618530273,0.0,0.0,-0.0010760570876300335,139.0,45.0,156.54,0.0,0.0,0.0,0.0,0.0,0.0,0.0
112,3110.52587223053,130.65830687206872,30.681249618530273,0.0,0.0,-0.0010795850539579988,139.0,45.0,156.54,0.0,0.0,0.0,0.0,0.0,0.0,0.0
113,3110.536555290222,130.65830687206872,30.681249618530273,0.0,0.0,-0.0010795850539579988,139.0,45.0,156.54,0.0,0.0,0.0,0.0,0.0,0.0,0.0
114,3110.5445024967194,398.82478629254416,30.681249618530273,0.0,0.0,-0.0010813490953296423,139.0,45.0,156.54,0.0,0.0,0.0,0.0,0.0,0.0,0.0
115,3110.5683948993683,398.82478629254416,30.681249618530273,0.0,0.0,-0.0010972253512591124,139.0,45.0,156.54,0.0,0.0,0.0,0.0,0.0,0.0,0.0
116,3110.588649749756,398.82478629254416,30.681249618530273,0.0,0.0,-0.0010972253512591124,139.0,45.0,156.54,0.0,0.0,0.0,0.0,0.0,0.0,0.0
117,3110.6081211566925,398.82478629254416,30.681249618530273,0.0,0.0,-0.0010848771780729294,139.0,45.0,156.54,0.0,0.0,0.0,0.0,0.0,0.0,0.0
118,3110.6212537288666,398.82478629254416,30.681249618530273,0.0,0.0,-0.0010848771780729294,139.0,45.0,156.54,0.0,0.0,0.0,0.0,0.0,0.0,0.0
119,3110.628343105316,398.82478629254416,30.681249618530273,0.0,0.0,-0.0010725290048867464,139.0,45.0,156.54,0.0,0.0,0.0,0.0,0.0,0.0,0.0
120,3110.642721891403,398.82478629254416,30.681249618530273,0.0,0.0,-0.0010831131367012858,139.0,45.0,156.54,0.0,0.0,0.0,0.0,0.0,0.0,0.0
121,3110.6448786258698,398.82478629254416,30.681249618530273,0.0,0.0,-0.0010831131367012858,139.0,45.0,156.54,0.0,0.0,0.0,0.0,0.0,0.0,0.0
122,3110.7104461193085,398.82478629254416,30.681249618530273,0.0,0.0,-0.001093697384931147,139.0,45.0,156.54,0.0,0.0,0.0,0.0,0.0,0.0,0.0
123,3110.7243349552155,143.5693940451781,30.681249618530273,0.0,0.0,-0.0010725290048867464,139.0,45.0,156.54,0.0,0.0,0.0,0.0,0.0,0.0,0.0
124,3110.7409348487854,143.5693940451781,30.681249618530273,0.0,0.0,-0.001093697384931147,139.0,45.0,156.54,0.0,0.0,0.0,0.0,0.0,0.0,0.0
125,3110.760272026062,143.5693940451781,30.681249618530273,0.0,0.0,-0.0010884052608162165,139.0,45.0,156.54,0.0,0.0,0.0,0.0,0.0,0.0,0.0
126,3110.7925374507904,143.5693940451781,30.681249618530273,0.0,0.0,-0.0010848771780729294,139.0,45.0,156.54,0.0,0.0,0.0,0.0,0.0,0.0,0.0
127,3110.807400226593,143.5693940451781,30.681249618530273,0.0,0.0,-0.0010831131367012858,139.0,45.0,156.54,0.0,0.0,0.0,0.0,0.0,0.0,0.0
128,3110.817710876465,143.5693940451781,30.681249618530273,0.0,0.0,-0.00109016930218786,139.0,45.0,156.54,0.0,0.0,0.0,0.0,0.0,0.0,0.0
129,3110.831288099289,143.5693940451781,30.681249618530273,0.0,0.0,-0.0010795850539579988,139.0,45.0,156.54,0.0,0.0,0.0,0.0,0.0,0.0,0.0
130,3110.8381118774414,143.5693940451781,30.681249618530273,0.0,0.0,-0.0010795850539579988,139.0,45.0,156.54,0.0,0.0,0.0,0.0,0.0,0.0,0.0
131,3110.847685813904,143.5693940451781,30.681249618530273,0.0,0.0,-0.0010795850539579988,139.0,45.0,156.54,0.0,0.0,0.0,0.0,0.0,0.0,0.0
132,3110.874494791031,143.5693940451781,30.681249618530273,0.0,0.0,-0.0010690009221434593,139.0,45.0,156.54,0.0,0.0,0.0,0.0,0.0,0.0,0.0
133,3110.893891096115,143.5693940451781,30.681249618530273,0.0,0.0,-0.0010707649635151029,139.0,45.0,156.54,0.0,0.0,0.0,0.0,0.0,0.0,0.0
134,3110.9046041965485,169.26191091709148,30.681249618530273,0.0,0.0,-0.001093697384931147,139.0,45.0,156.54,0.0,0.0,0.0,0.0,0.0,0.0,0.0
135,3110.9157207012177,169.26191091709148,30.681249618530273,0.0,0.0,-0.001093697384931147,139.0,45.0,156.54,0.0,0.0,0.0,0.0,0.0,0.0,0.0
136,3110.9306585788727,169.26191091709148,30.681249618530273,0.0,0.0,-0.0010884052608162165,139.0,45.0,156.54,0.0,0.0,0.0,0.0,0.0,0.0,0.0
137,3110.9368109703064,169.26191091709148,30.681249618530273,0.0,0.0,-0.001086641219444573,139.0,45.0,156.54,0.0,0.0,0.0,0.0,0.0,0.0,0.0
138,3110.9556317329407,169.26191091709148,30.681249618530273,0.0,0.0,-0.00109016930218786,139.0,45.0,156.54,0.0,0.0,0.0,0.0,0.0,0.0,0.0
139,3110.980988264084,169.26191091709148,30.681249618530273,0.0,0.0,-0.00109016930218786,139.0,45.0,156.54,0.0,0.0,0.0,0.0,0.0,0.0,0.0
140,3110.9887039661407,169.26191091709148,30.681249618530273,0.0,0.0,-0.00109016930218786,139.0,45.0,156.54,0.0,0.0,0.0,0.0,0.0,0.0,0.0
141,3111.002831697464,169.26191091709148,30.681249618530273,0.0,0.0,-0.0011007534340023994,139.0,45.0,156.54,0.0,0.0,0.0,0.0,0.0,0.0,0.0
142,3111.004070043564,169.26191091709148,30.681249618530273,0.0,0.0,-0.0011007534340023994,139.0,45.0,156.54,0.0,0.0,0.0,0.0,0.0,0.0,0.0
143,3111.0210123062134,169.26191091709148,30.681249618530273,0.0,0.0,-0.0011007534340023994,139.0,45.0,156.54,0.0,0.0,0.0,0.0,0.0,0.0,0.0
144,3111.024837732315,169.26191091709148,30.681249618530273,0.0,0.0,-0.00109016930218786,139.0,45.0,156.54,0.0,0.0,0.0,0.0,0.0,0.0,0.0
145,3111.040321826935,158.22968099407964,30.681249618530273,0.0,0.0,-0.0010848771780729294,139.0,45.0,156.54,0.0,0.0,0.0,0.0,0.0,0.0,0.0
146,3111.0448517799377,158.22968099407964,30.681249618530273,0.0,0.0,-0.0010848771780729294,139.0,45.0,156.54,0.0,0.0,0.0,0.0,0.0,0.0,0.0
147,3111.067278146744,158.22968099407964,30.681249618530273,0.0,0.0,-0.0010919333435595036,139.0,45.0,156.54,0.0,0.0,0.0,0.0,0.0,0.0,0.0
148,3111.098708152771,158.22968099407964,30.681249618530273,0.0,0.0,-0.0010707649635151029,139.0,45.0,156.54,0.0,0.0,0.0,0.0,0.0,0.0,0.0
149,3111.108908176422,158.22968099407964,30.681249618530273,0.0,0.0,-0.0010795850539579988,139.0,45.0,156.54,0.0,0.0,0.0,0.0,0.0,0.0,0.0
150,3111.121689081192,158.22968099407964,30.681249618530273,0.0,0.0,-0.0010725290048867464,139.0,45.0,156.54,0.0,0.0,0.0,0.0,0.0,0.0,0.0
151,3111.1304664611816,158.22968099407964,30.681249618530273,0.0,0.0,-0.0010725290048867464,139.0,45.0,156.54,0.0,0.0,0.0,0.0,0.0,0.0,0.0
152,3111.1391327381134,158.22968099407964,30.681249618530273,0.0,0.0,-0.0010884052608162165,139.0,45.0,156.54,0.0,0.0,0.0,0.0,0.0,0.0,0.0
153,3111.1562082767487,160.8138389112472,30.681249618530273,0.0,0.0,-0.0010884052608162165,139.0,45.0,156.54,0.0,0.0,0.0,0.0,0.0,0.0,0.0
154,3111.1751987934113,160.8138389112472,30.681249618530273,0.0,0.0,-0.001093697384931147,139.0,45.0,156.54,0.0,0.0,0.0,0.0,0.0,0.0,0.0
155,3111.1815769672394,160.8138389112472,30.681249618530273,0.0,0.0,-0.0010813490953296423,139.0,45.0,156.54,0.0,0.0,0.0,0.0,0.0,0.0,0.0
156,3111.185079097748,160.8138389112472,30.681249618530273,0.0,0.0,-0.0010813490953296423,139.0,45.0,156.54,0.0,0.0,0.0,0.0,0.0,0.0,0.0
157,3111.1921622753143,160.8138389112472,30.681249618530273,0.0,0.0,-0.0010813490953296423,139.0,45.0,156.54,0.0,0.0,0.0,0.0,0.0,0.0,0.0
158,3111.20503115654,160.8138389112472,30.681249618530273,0.0,0.0,-0.00107429304625839,139.0,45.0,156.54,0.0,0.0,0.0,0.0,0.0,0.0,0.0
159,3111.212308883667,160.8138389112472,30.681249618530273,0.0,0.0,-0.00109016930218786,139.0,45.0,156.54,0.0,0.0,0.0,0.0,0.0,0.0,0.0
160,3111.226725101471,160.8138389112472,30.681249618530273,0.0,0.0,-0.00109016930218786,139.0,45.0,156.54,0.0,0.0,0.0,0.0,0.0,0.0,0.0
161,3111.2343006134033,160.8138389112472,30.681249618530273,0.0,0.0,-0.0010760570876300335,139.0,45.0,156.54,0.0,0.0,0.0,0.0,0.0,0.0,0.0
162,3111.23975110054,160.8138389112472,30.681249618530273,0.0,0.0,-0.0010760570876300335,139.0,45.0,156.54,0.0,0.0,0.0,0.0,0.0,0.0,0.0
163,3111.2547554969788,160.8138389112472,30.681249618530273,0.0,0.0,-0.0010725290048867464,139.0,45.0,156.54,0.0,0.0,0.0,0.0,0.0,0.0,0.0
164,3111.2726621627808,160.8138389112472,30.681249618530273,0.0,0.0,-0.00107429304625839,139.0,45.0,156.54,0.0,0.0,0.0,0.0,0.0,0.0,0.0
165,3111.2899980545044,160.8138389112472,30.681249618530273,0.0,0.0,-0.00107429304625839,139.0,45.0,156.54,0.0,0.0,0.0,0.0,0.0,0.0,0.0
166,3111.3061907291412,159.88441932999024,30.681249618530273,0.0,0.0,-0.0010813490953296423,139.0,45.0,156.54,0.0,0.0,0.0,0.0,0.0,0.0,0.0
167,3111.311674594879,159.88441932999024,30.681249618530273,0.0,0.0,-0.0010919333435595036,139.0,45.0,156.54,0.0,0.0,0.0,0.0,0.0,0.0,0.0
168,3111.330331802368,159.88441932999024,30.681249618530273,0.0,0.0,-0.0010831131367012858,139.0,45.0,156.54,0.0,0.0,0.0,0.0,0.0,0.0,0.0
169,3111.3314487934113,159.88441932999024,30.681249618530273,0.0,0.0,-0.0010831131367012858,139.0,45.0,156.54,0.0,0.0,0.0,0.0,0.0,0.0,0.0
170,3111.3403749465942,159.88441932999024,30.681249618530273,0.0,0.0,-0.0010831131367012858,139.0,45.0,156.54,0.0,0.0,0.0,0.0,0.0,0.0,0.0
171,3111.35519695282,159.88441932999024,30.681249618530273,0.0,0.0,-0.0010813490953296423,139.0,45.0,156.54,0.0,0.0,0.0,0.0,0.0,0.0,0.0
172,3111.3841168880463,159.88441932999024,30.681249618530273,0.0,0.0,-0.0010672368807718158,139.0,45.0,156.54,0.0,0.0,0.0,0.0,0.0,0.0,0.0
173,3111.3933143615723,159.88441932999024,30.681249618530273,0.0,0.0,-0.00107429304625839,139.0,45.0,156.54,0.0,0.0,0.0,0.0,0.0,0.0,0.0
174,3111.402540206909,159.88441932999024,30.681249618530273,0.0,0.0,-0.00107429304625839,139.0,45.0,156.54,0.0,0.0,0.0,0.0,0.0,0.0,0.0
175,3111.409203529358,159.88441932999024,30.681249618530273,0.0,0.0,-0.0010690009221434593,139.0,45.0,156.54,0.0,0.0,0.0,0.0,0.0,0.0,0.0
176,3111.4207100868225,159.88441932999024,30.681249618530273,0.0,0.0,-0.0010690009221434593,139.0,45.0,156.54,0.0,0.0,0.0,0.0,0.0,0.0,0.0
177,3111.4290874004364,159.88441932999024,30.681249618530273,0.0,0.0,-0.0010707649635151029,139.0,45.0,156.54,0.0,0.0,0.0,0.0,0.0,0.0,0.0
178,3111.441537618637,159.88441932999024,30.681249618530273,0.0,0.0,-0.0010637089144438505,139.0,45.0,156.54,0.0,0.0,0.0,0.0,0.0,0.0,0.0
179,3111.4551696777344,407.84364500079465,30.681249618530273,0.0,0.0,-0.0010637089144438505,139.0,45.0,156.54,0.0,0.0,0.0,0.0,0.0,0.0,0.0
180,3111.468021631241,407.84364500079465,30.681249618530273,0.0,0.0,-0.001086641219444573,139.0,45.0,156.54,0.0,0.0,0.0,0.0,0.0,0.0,0.0
181,3111.486698627472,407.84364500079465,30.681249618530273,0.0,0.0,-0.0010566527489572763,139.0,45.0,156.54,0.0,0.0,0.0,0.0,0.0,0.0,0.0
182,3111.49942779541,407.84364500079465,30.681249618530273,0.0,0.0,-0.0010566527489572763,139.0,45.0,156.54,0.0,0.0,0.0,0.0,0.0,0.0,0.0
183,3111.5074791908264,407.84364500079465,30.681249618530273,0.0,0.0,-0.0010513606248423457,139.0,45.0,156.54,0.0,0.0,0.0,0.0,0.0,0.0,0.0
184,3111.5248725414276,407.84364500079465,30.681249618530273,0.0,0.0,-0.0010601808317005634,139.0,45.0,156.54,0.0,0.0,0.0,0.0,0.0,0.0,0.0
185,3111.5279293060303,407.84364500079465,30.681249618530273,0.0,0.0,-0.0010601808317005634,139.0,45.0,156.54,0.0,0.0,0.0,0.0,0.0,0.0,0.0
186,3111.5480024814606,101.93942525530429,30.681249618530273,0.0,0.0,-0.0010513606248423457,139.0,45.0,156.54,0.0,0.0,0.0,0.0,0.0,0.0,0.0
187,3111.549094438553,101.93942525530429,30.681249618530273,0.0,0.0,-0.0010513606248423457,139.0,45.0,156.54,0.0,0.0,0.0,0.0,0.0,0.0,0.0
188,3111.5615220069885,101.93942525530429,30.681249618530273,0.0,0.0,-0.0010848771780729294,139.0,45.0,156.54,0.0,0.0,0.0,0.0,0.0,0.0,0.0
189,3111.568508386612,101.93942525530429,30.681249618530273,0.0,0.0,-0.0010848771780729294,139.0,45.0,156.54,0.0,0.0,0.0,0.0,0.0,0.0,0.0
190,3111.5808374881744,101.93942525530429,30.681249618530273,0.0,0.0,-0.0010848771780729294,139.0,45.0,156.54,0.0,0.0,0.0,0.0,0.0,0.0,0.0
191,3111.587270259857,101.93942525530429,30.681249618530273,0.0,0.0,-0.0010848771780729294,139.0,45.0,156.54,0.0,0.0,0.0,0.0,0.0,0.0,0.0
192,3111.6018195152283,101.93942525530429,30.681249618530273,0.0,0.0,-0.001086641219444573,139.0,45.0,156.54,0.0,0.0,0.0,0.0,0.0,0.0,0.0
193,3111.611845970154,101.93942525530429,30.681249618530273,0.0,0.0,-0.001086641219444573,139.0,45.0,156.54,0.0,0.0,0.0,0.0,0.0,0.0,0.0
194,3111.6182091236115,101.93942525530429,30.681249618530273,0.0,0.0,-0.00109016930218786,139.0,45.0,156.54,0.0,0.0,0.0,0.0,0.0,0.0,0.0
195,3111.633143901825,101.93942525530429,30.681249618530273,0.0,0.0,-0.00109016930218786,139.0,45.0,156.54,0.0,0.0,0.0,0.0,0.0,0.0,0.0
196,3111.6379301548004,101.93942525530429,30.681249618530273,0.0,0.0,-0.0010884052608162165,139.0,45.0,156.54,0.0,0.0,0.0,0.0,0.0,0.0,0.0
197,3111.651163816452,281.0751284666259,30.681249618530273,0.0,0.0,-0.0010884052608162165,139.0,45.0,156.54,0.0,0.0,0.0,0.0,0.0,0.0,0.0
198,3111.6632168293,281.0751284666259,30.681249618530273,0.0,0.0,-0.001093697384931147,139.0,45.0,156.54,0.0,0.0,0.0,0.0,0.0,0.0,0.0
199,3111.6899745464325,281.0751284666259,30.681249618530273,0.0,0.0,-0.001086641219444573,139.0,45.0,156.54,0.0,0.0,0.0,0.0,0.0,0.0,0.0
200,3111.6966304779053,281.0751284666259,30.681249618530273,0.0,0.0,-0.0010831131367012858,139.0,45.0,156.54,0.0,0.0,0.0,0.0,0.0,0.0,0.0
201,3111.7047250270844,281.0751284666259,30.681249618530273,0.0,0.0,-0.0010831131367012858,139.0,45.0,156.54,0.0,0.0,0.0,0.0,0.0,0.0,0.0
202,3111.7118077278137,281.0751284666259,30.681249618530273,0.0,0.0,-0.0010795850539579988,139.0,45.0,156.54,0.0,0.0,0.0,0.0,0.0,0.0,0.0
203,3111.7584059238434,281.0751284666259,30.681249618530273,0.0,0.0,-0.0010690009221434593,139.0,45.0,156.54,0.0,0.0,0.0,0.0,0.0,0.0,0.0
204,3111.799525499344,281.0751284666259,30.681249618530273,0.0,0.0,-0.0010690009221434593,139.0,45.0,156.54,0.0,0.0,0.0,0.0,0.0,0.0,0.0
205,3111.809715986252,281.0751284666259,30.681249618530273,0.0,0.0,-0.0010707649635151029,139.0,45.0,156.54,0.0,0.0,0.0,0.0,0.0,0.0,0.0
206,3111.8196184635162,281.0751284666259,30.681249618530273,0.0,0.0,-0.001086641219444573,139.0,45.0,156.54,0.0,0.0,0.0,0.0,0.0,0.0,0.0
207,3111.8247559070587,175.5371049367222,30.681249618530273,0.0,0.0,-0.001086641219444573,139.0,45.0,156.54,0.0,0.0,0.0,0.0,0.0,0.0,0.0
208,3111.8391723632812,175.5371049367222,30.681249618530273,0.0,0.0,-0.0010919333435595036,139.0,45.0,156.54,0.0,0.0,0.0,0.0,0.0,0.0,0.0
209,3111.84614777565,175.5371049367222,30.681249618530273,0.0,0.0,-0.0010707649635151029,139.0,45.0,156.54,0.0,0.0,0.0,0.0,0.0,0.0,0.0
210,3111.8817825317383,175.5371049367222,30.681249618530273,0.0,0.0,-0.0010884052608162165,139.0,45.0,156.54,0.0,0.0,0.0,0.0,0.0,0.0,0.0
211,3111.901877641678,175.5371049367222,30.681249618530273,0.0,0.0,-0.00107429304625839,139.0,45.0,156.54,0.0,0.0,0.0,0.0,0.0,0.0,0.0
212,3111.9162940979004,175.5371049367222,30.681249618530273,0.0,0.0,-0.0010813490953296423,139.0,45.0,156.54,0.0,0.0,0.0,0.0,0.0,0.0,0.0
213,3111.9224429130554,175.5371049367222,30.681249618530273,0.0,0.0,-0.0010813490953296423,139.0,45.0,156.54,0.0,0.0,0.0,0.0,0.0,0.0,0.0
214,3111.9364528656006,175.5371049367222,30.681249618530273,0.0,0.0,-0.00109016930218786,139.0,45.0,156.54,0.0,0.0,0.0,0.0,0.0,0.0,0.0
215,3111.9428613185883,109.8374854360426,30.681249618530273,0.0,0.0,-0.00109016930218786,139.0,45.0,156.54,0.0,0.0,0.0,0.0,0.0,0.0,0.0
216,3111.9627323150635,109.8374854360426,30.681249618530273,0.0,0.0,-0.001102517475374043,139.0,45.0,156.54,0.0,0.0,0.0,0.0,0.0,0.0,0.0
217,3111.991306066513,109.8374854360426,30.681249618530273,0.0,0.0,-0.001077821129001677,139.0,45.0,156.54,0.0,0.0,0.0,0.0,0.0,0.0,0.0
218,3111.9980177879333,109.8374854360426,30.681249618530273,0.0,0.0,-0.001093697384931147,139.0,45.0,156.54,0.0,0.0,0.0,0.0,0.0,0.0,0.0
219,3112.014396905899,109.8374854360426,30.681249618530273,0.0,0.0,-0.0010954613098874688,139.0,45.0,156.54,0.0,0.0,0.0,0.0,0.0,0.0,0.0
220,3112.017008304596,109.8374854360426,30.681249618530273,0.0,0.0,-0.0010954613098874688,139.0,45.0,156.54,0.0,0.0,0.0,0.0,0.0,0.0,0.0
221,3112.025862932205,100.0,30.681249618530273,0.0,0.0,-0.0010954613098874688,139.0,45.0,156.54,0.0,0.0,0.0,0.0,0.0,0.0,0.0
222,3112.038788795471,100.0,30.681249618530273,0.0,0.0,-0.0010813490953296423,139.0,45.0,156.54,0.0,0.0,0.0,0.0,0.0,0.0,0.0
223,3112.046192407608,100.0,30.681249618530273,0.0,0.0,-0.0010725290048867464,139.0,45.0,156.54,0.0,0.0,0.0,0.0,0.0,0.0,0.0
224,3112.05655503273,100.0,30.681249618530273,0.0,0.0,-0.0010725290048867464,139.0,45.0,156.54,0.0,0.0,0.0,0.0,0.0,0.0,0.0
225,3112.075843334198,100.0,30.681249618530273,0.0,0.0,-0.0010760570876300335,139.0,45.0,156.54,0.0,0.0,0.0,0.0,0.0,0.0,0.0
226,3112.0778589248657,100.0,30.681249618530273,0.0,0.0,-0.0010760570876300335,139.0,45.0,156.54,0.0,0.0,0.0,0.0,0.0,0.0,0.0
227,3112.0880088806152,100.0,30.681249618530273,0.0,0.0,-0.0010760570876300335,139.0,45.0,156.54,0.0,0.0,0.0,0.0,0.0,0.0,0.0
228,3112.1022429466248,100.0,30.681249618530273,0.0,0.0,-0.0010954613098874688,139.0,45.0,156.54,0.0,0.0,0.0,0.0,0.0,0.0,0.0
229,3112.10516166687,100.0,30.681249618530273,0.0,0.0,-0.0010954613098874688,139.0,45.0,156.54,0.0,0.0,0.0,0.0,0.0,0.0,0.0
230,3112.1190547943115,100.0,30.681249618530273,0.0,0.0,-0.0010884052608162165,139.0,45.0,156.54,0.0,0.0,0.0,0.0,0.0,0.0,0.0
231,3112.12433886528,100.0,30.681249618530273,0.0,0.0,-0.0010884052608162165,139.0,45.0,156.54,0.0,0.0,0.0,0.0,0.0,0.0,0.0
232,3112.1410031318665,164.17175999087144,30.681249618530273,0.0,0.0,-0.00109016930218786,139.0,45.0,156.54,0.0,0.0,0.0,0.0,0.0,0.0,0.0
233,3112.1635780334473,164.17175999087144,30.681249618530273,0.0,0.0,-0.001093697384931147,139.0,45.0,156.54,0.0,0.0,0.0,0.0,0.0,0.0,0.0
234,3112.1858422756195,164.17175999087144,30.681249618530273,0.0,0.0,-0.0010919333435595036,139.0,45.0,156.54,0.0,0.0,0.0,0.0,0.0,0.0,0.0
235,3112.210620880127,164.17175999087144,30.681249618530273,0.0,0.0,-0.0010707649635151029,139.0,45.0,156.54,0.0,0.0,0.0,0.0,0.0,0.0,0.0
236,3112.2120790481567,164.17175999087144,30.681249618530273,0.0,0.0,-0.00107429304625839,139.0,45.0,156.54,0.0,0.0,0.0,0.0,0.0,0.0,0.0
237,3112.225202560425,164.17175999087144,30.681249618530273,0.0,0.0,-0.00107429304625839,139.0,45.0,156.54,0.0,0.0,0.0,0.0,0.0,0.0,0.0
238,3112.2325913906097,164.17175999087144,30.681249618530273,0.0,0.0,-0.0010690009221434593,139.0,45.0,156.54,0.0,0.0,0.0,0.0,0.0,0.0,0.0
239,3112.2522809505463,164.17175999087144,30.681249618530273,0.0,0.0,-0.0010725290048867464,139.0,45.0,156.54,0.0,0.0,0.0,0.0,0.0,0.0,0.0
240,3112.278708457947,164.17175999087144,30.681249618530273,0.0,0.0,-0.0010725290048867464,139.0,45.0,156.54,0.0,0.0,0.0,0.0,0.0,0.0,0.0
241,3112.290927886963,164.17175999087144,30.681249618530273,0.0,0.0,-0.0010725290048867464,139.0,45.0,156.54,0.0,0.0,0.0,0.0,0.0,0.0,0.0
242,3112.2998752593994,364.077198222494,30.681249618530273,0.0,0.0,-0.0010725290048867464,139.0,45.0,156.54,0.0,0.0,0.0,0.0,0.0,0.0,0.0
243,3112.3074543476105,364.077198222494,30.681249618530273,0.0,0.0,-0.0010760570876300335,139.0,45.0,156.54,0.0,0.0,0.0,0.0,0.0,0.0,0.0
244,3112.320641517639,364.077198222494,30.681249618530273,0.0,0.0,-0.0010672368807718158,139.0,45.0,156.54,0.0,0.0,0.0,0.0,0.0,0.0,0.0
245,3112.3270316123962,364.077198222494,30.681249618530273,0.0,0.0,-0.0010672368807718158,139.0,45.0,156.54,0.0,0.0,0.0,0.0,0.0,0.0,0.0
246,3112.3405106067657,364.077198222494,30.681249618530273,0.0,0.0,-0.0010919333435595036,139.0,45.0,156.54,0.0,0.0,0.0,0.0,0.0,0.0,0.0
247,3112.3465933799744,364.077198222494,30.681249618530273,0.0,0.0,-0.0010919333435595036,139.0,45.0,156.54,0.0,0.0,0.0,0.0,0.0,0.0,0.0
248,3112.3651673793793,364.077198222494,30.681249618530273,0.0,0.0,-0.001077821129001677,139.0,45.0,156.54,0.0,0.0,0.0,0.0,0.0,0.0,0.0
249,3112.3689794540405,364.077198222494,30.681249618530273,0.0,0.0,-0.001077821129001677,139.0,45.0,156.54,0.0,0.0,0.0,0.0,0.0,0.0,0.0
250,3112.39803481102,364.077198222494,30.681249618530273,0.0,0.0,-0.001086641219444573,139.0,45.0,156.54,0.0,0.0,0.0,0.0,0.0,0.0,0.0
251,3112.399874687195,364.077198222494,30.681249618530273,0.0,0.0,-0.001086641219444573,139.0,45.0,156.54,0.0,0.0,0.0,0.0,0.0,0.0,0.0
252,3112.4143652915955,364.077198222494,30.681249618530273,0.0,0.0,-0.0010919333435595036,139.0,45.0,156.54,0.0,0.0,0.0,0.0,0.0,0.0,0.0
253,3112.4204003810883,364.077198222494,30.681249618530273,0.0,0.0,-0.0010919333435595036,139.0,45.0,156.54,0.0,0.0,0.0,0.0,0.0,0.0,0.0
254,3112.433991909027,364.077198222494,30.681249618530273,0.0,0.0,-0.001077821129001677,139.0,45.0,156.54,0.0,0.0,0.0,0.0,0.0,0.0,0.0
255,3112.4418506622314,364.077198222494,30.681249618530273,0.0,0.0,-0.0010672368807718158,139.0,45.0,156.54,0.0,0.0,0.0,0.0,0.0,0.0,0.0
256,3112.4565703868866,364.077198222494,30.681249618530273,0.0,0.0,-0.0010848771780729294,139.0,45.0,156.54,0.0,0.0,0.0,0.0,0.0,0.0,0.0
257,3112.4777026176453,364.077198222494,30.681249618530273,0.0,0.0,-0.0010848771780729294,139.0,45.0,156.54,0.0,0.0,0.0,0.0,0.0,0.0,0.0
258,3112.4788825511932,364.077198222494,30.681249618530273,0.0,0.0,-0.0010848771780729294,139.0,45.0,156.54,0.0,0.0,0.0,0.0,0.0,0.0,0.0
259,3112.4907331466675,364.077198222494,30.681249618530273,0.0,0.0,-0.0010848771780729294,139.0,45.0,156.54,0.0,0.0,0.0,0.0,0.0,0.0,0.0
260,3112.497619867325,364.077198222494,30.681249618530273,0.0,0.0,-0.0010760570876300335,139.0,45.0,156.54,0.0,0.0,0.0,0.0,0.0,0.0,0.0
261,3112.5017642974854,364.077198222494,30.681249618530273,0.0,0.0,-0.0010760570876300335,139.0,45.0,156.54,0.0,0.0,0.0,0.0,0.0,0.0,0.0
262,3112.5104789733887,200.85610556928808,30.681249618530273,0.0,0.0,-0.0010707649635151029,139.0,45.0,156.54,0.0,0.0,0.0,0.0,0.0,0.0,0.0
263,3112.527976989746,200.85610556928808,30.681249618530273,0.0,0.0,-0.0010672368807718158,139.0,45.0,156.54,0.0,0.0,0.0,0.0,0.0,0.0,0.0
264,3112.5303444862366,200.85610556928808,30.681249618530273,0.0,0.0,-0.0010672368807718158,139.0,45.0,156.54,0.0,0.0,0.0,0.0,0.0,0.0,0.0
265,3112.5449738502502,200.85610556928808,30.681249618530273,0.0,0.0,-0.0010919333435595036,139.0,45.0,156.54,0.0,0.0,0.0,0.0,0.0,0.0,0.0
266,3112.552079677582,200.85610556928808,30.681249618530273,0.0,0.0,-0.0010848771780729294,139.0,45.0,156.54,0.0,0.0,0.0,0.0,0.0,0.0,0.0
267,3112.568451166153,200.85610556928808,30.681249618530273,0.0,0.0,-0.0010848771780729294,139.0,45.0,156.54,0.0,0.0,0.0,0.0,0.0,0.0,0.0
268,3112.5735228061676,200.85610556928808,30.681249618530273,0.0,0.0,-0.0010848771780729294,139.0,45.0,156.54,0.0,0.0,0.0,0.0,0.0,0.0,0.0
269,3112.580251932144,200.85610556928808,30.681249618530273,0.0,0.0,-0.0010690009221434593,139.0,45.0,156.54,0.0,0.0,0.0,0.0,0.0,0.0,0.0
270,3112.5991401672363,200.85610556928808,30.681249618530273,0.0,0.0,-0.0010831131367012858,139.0,45.0,156.54,0.0,0.0,0.0,0.0,0.0,0.0,0.0
271,3112.600248813629,200.85610556928808,30.681249618530273,0.0,0.0,-0.0010831131367012858,139.0,45.0,156.54,0.0,0.0,0.0,0.0,0.0,0.0,0.0
272,3112.610748052597,200.85610556928808,30.681249618530273,0.0,0.0,-0.0010831131367012858,139.0,45.0,156.54,0.0,0.0,0.0,0.0,0.0,0.0,0.0
273,3112.620229959488,200.85610556928808,30.681249618530273,0.0,0.0,-0.0010972253512591124,139.0,45.0,156.54,0.0,0.0,0.0,0.0,0.0,0.0,0.0
274,3112.6353027820587,5557.174856873253,30.681249618530273,0.0,0.0,-0.0010884052608162165,139.0,45.0,156.54,0.0,0.0,0.0,0.0,0.0,0.0,0.0
275,3112.639746427536,5557.174856873253,30.681249618530273,0.0,0.0,-0.0010884052608162165,139.0,45.0,156.54,0.0,0.0,0.0,0.0,0.0,0.0,0.0
276,3112.660415172577,5557.174856873253,30.681249618530273,0.0,0.0,-0.0010884052608162165,139.0,45.0,156.54,0.0,0.0,0.0,0.0,0.0,0.0,0.0
277,3112.6837129592896,5557.174856873253,30.681249618530273,0.0,0.0,-0.0010919333435595036,139.0,45.0,156.54,0.0,0.0,0.0,0.0,0.0,0.0,0.0
278,3112.703594684601,5557.174856873253,30.681249618530273,0.0,0.0,-0.0010919333435595036,139.0,45.0,156.54,0.0,0.0,0.0,0.0,0.0,0.0,0.0
279,3112.7109520435333,5557.174856873253,30.681249618530273,0.0,0.0,-0.0010848771780729294,139.0,45.0,156.54,0.0,0.0,0.0,0.0,0.0,0.0,0.0
280,3112.7131633758545,5557.174856873253,30.681249618530273,0.0,0.0,-0.0010848771780729294,139.0,45.0,156.54,0.0,0.0,0.0,0.0,0.0,0.0,0.0
281,3112.7269747257233,5557.174856873253,30.681249618530273,0.0,0.0,-0.001086641219444573,139.0,45.0,156.54,0.0,0.0,0.0,0.0,0.0,0.0,0.0
282,3112.7335057258606,144.95365510162154,30.681249618530273,0.0,0.0,-0.001086641219444573,139.0,45.0,156.54,0.0,0.0,0.0,0.0,0.0,0.0,0.0
283,3112.747231245041,144.95365510162154,30.681249618530273,0.0,0.0,-0.00107429304625839,139.0,45.0,156.54,0.0,0.0,0.0,0.0,0.0,0.0,0.0
284,3112.7567777633667,144.95365510162154,30.681249618530273,0.0,0.0,-0.00107429304625839,139.0,45.0,156.54,0.0,0.0,0.0,0.0,0.0,0.0,0.0
285,3112.7820205688477,144.95365510162154,30.681249618530273,0.0,0.0,-0.00107429304625839,139.0,45.0,156.54,0.0,0.0,0.0,0.0,0.0,0.0,0.0
286,3112.7947313785553,144.95365510162154,30.681249618530273,0.0,0.0,-0.0010672368807718158,139.0,45.0,156.54,0.0,0.0,0.0,0.0,0.0,0.0,0.0
287,3112.8023178577423,144.95365510162154,30.681249618530273,0.0,0.0,-0.00109016930218786,139.0,45.0,156.54,0.0,0.0,0.0,0.0,0.0,0.0,0.0
288,3112.814751625061,144.95365510162154,30.681249618530273,0.0,0.0,-0.00109016930218786,139.0,45.0,156.54,0.0,0.0,0.0,0.0,0.0,0.0,0.0
289,3112.8222103118896,144.95365510162154,30.681249618530273,0.0,0.0,-0.001086641219444573,139.0,45.0,156.54,0.0,0.0,0.0,0.0,0.0,0.0,0.0
290,3112.8293833732605,184.46626988034464,30.681249618530273,0.0,0.0,-0.001086641219444573,139.0,45.0,156.54,0.0,0.0,0.0,0.0,0.0,0.0,0.0
291,3112.843477010727,184.46626988034464,30.681249618530273,0.0,0.0,-0.0010884052608162165,139.0,45.0,156.54,0.0,0.0,0.0,0.0,0.0,0.0,0.0
292,3112.8518509864807,184.46626988034464,30.681249618530273,0.0,0.0,-0.0010884052608162165,139.0,45.0,156.54,0.0,0.0,0.0,0.0,0.0,0.0,0.0
293,3112.8657381534576,184.46626988034464,30.681249618530273,0.0,0.0,-0.0010884052608162165,139.0,45.0,156.54,0.0,0.0,0.0,0.0,0.0,0.0,0.0
294,3112.8720047473907,184.46626988034464,30.681249618530273,0.0,0.0,-0.0010884052608162165,139.0,45.0,156.54,0.0,0.0,0.0,0.0,0.0,0.0,0.0
295,3112.880342721939,184.46626988034464,30.681249618530273,0.0,0.0,-0.0010848771780729294,139.0,45.0,156.54,0.0,0.0,0.0,0.0,0.0,0.0,0.0
296,3112.90056848526,184.46626988034464,30.681249618530273,0.0,0.0,-0.0010848771780729294,139.0,45.0,156.54,0.0,0.0,0.0,0.0,0.0,0.0,0.0
297,3112.9022963047028,184.46626988034464,30.681249618530273,0.0,0.0,-0.001093697384931147,139.0,45.0,156.54,0.0,0.0,0.0,0.0,0.0,0.0,0.0
298,3112.919027328491,184.46626988034464,30.684375762939453,0.0,0.0,-0.001093697384931147,139.0,45.0,156.54,0.0,0.0,0.0,0.0,0.0,0.0,0.0
299,3112.920839548111,184.46626988034464,30.684375762939453,0.0,0.0,-0.001093697384931147,139.0,45.0,156.54,0.0,0.0,0.0,0.0,0.0,0.0,0.0
300,3112.9342114925385,184.46626988034464,30.684375762939453,0.0,0.0,-0.0011095736408606172,139.0,45.0,156.54,0.0,0.0,0.0,0.0,0.0,0.0,0.0
301,3112.9426057338715,184.46626988034464,30.681249618530273,0.0,0.0,-0.0010831131367012858,139.0,45.0,156.54,0.0,0.0,0.0,0.0,0.0,0.0,0.0
302,3112.955887556076,187.95892960185648,30.681249618530273,0.0,0.0,-0.0010831131367012858,139.0,45.0,156.54,0.0,0.0,0.0,0.0,0.0,0.0,0.0
303,3112.968532562256,187.95892960185648,30.681249618530273,0.0,0.0,-0.001102517475374043,139.0,45.0,156.54,0.0,0.0,0.0,0.0,0.0,0.0,0.0
304,3112.9708614349365,187.95892960185648,30.681249618530273,0.0,0.0,-0.001102517475374043,139.0,45.0,156.54,0.0,0.0,0.0,0.0,0.0,0.0,0.0
305,3112.9946250915527,187.95892960185648,30.681249618530273,0.0,0.0,-0.001102517475374043,139.0,45.0,156.54,0.0,0.0,0.0,0.0,0.0,0.0,0.0
306,3113.000011444092,187.95892960185648,30.681249618530273,0.0,0.0,-0.0011042815167456865,139.0,45.0,156.54,0.0,0.0,0.0,0.0,0.0,0.0,0.0
307,3113.0012588500977,187.95892960185648,30.681249618530273,0.0,0.0,-0.0011042815167456865,139.0,45.0,156.54,0.0,0.0,0.0,0.0,0.0,0.0,0.0
308,3113.009263277054,187.95892960185648,30.681249618530273,0.0,0.0,-0.0011042815167456865,139.0,45.0,156.54,0.0,0.0,0.0,0.0,0.0,0.0,0.0
309,3113.026041984558,187.95892960185648,30.681249618530273,0.0,0.0,-0.0011007534340023994,139.0,45.0,156.54,0.0,0.0,0.0,0.0,0.0,0.0,0.0
310,3113.0321543216705,187.95892960185648,30.681249618530273,0.0,0.0,-0.001102517475374043,139.0,45.0,156.54,0.0,0.0,0.0,0.0,0.0,0.0,0.0
311,3113.051080226898,187.95892960185648,30.681249618530273,0.0,0.0,-0.00109016930218786,139.0,45.0,156.54,0.0,0.0,0.0,0.0,0.0,0.0,0.0
312,3113.052700996399,187.95892960185648,30.681249618530273,0.0,0.0,-0.00109016930218786,139.0,45.0,156.54,0.0,0.0,0.0,0.0,0.0,0.0,0.0
313,3113.061101436615,187.95892960185648,30.681249618530273,0.0,0.0,-0.00109016930218786,139.0,45.0,156.54,0.0,0.0,0.0,0.0,0.0,0.0,0.0
314,3113.0917291641235,621.8866523052009,30.681249618530273,0.0,0.0,-0.001077821129001677,139.0,45.0,156.54,0.0,0.0,0.0,0.0,0.0,0.0,0.0
315,3113.1061713695526,621.8866523052009,30.681249618530273,0.0,0.0,-0.0010707649635151029,139.0,45.0,156.54,0.0,0.0,0.0,0.0,0.0,0.0,0.0
316,3113.1152863502502,621.8866523052009,30.681249618530273,0.0,0.0,-0.0010707649635151029,139.0,45.0,156.54,0.0,0.0,0.0,0.0,0.0,0.0,0.0
317,3113.122109413147,621.8866523052009,30.681249618530273,0.0,0.0,-0.0010760570876300335,139.0,45.0,156.54,0.0,0.0,0.0,0.0,0.0,0.0,0.0
318,3113.1394765377045,621.8866523052009,30.681249618530273,0.0,0.0,-0.0010884052608162165,139.0,45.0,156.54,0.0,0.0,0.0,0.0,0.0,0.0,0.0
319,3113.1417758464813,621.8866523052009,30.681249618530273,0.0,0.0,-0.0010884052608162165,139.0,45.0,156.54,0.0,0.0,0.0,0.0,0.0,0.0,0.0
320,3113.156909942627,621.8866523052009,30.681249618530273,0.0,0.0,-0.0010884052608162165,139.0,45.0,156.54,0.0,0.0,0.0,0.0,0.0,0.0,0.0
321,3113.2024462223053,621.8866523052009,30.681249618530273,0.0,0.0,-0.0010954613098874688,139.0,45.0,156.54,0.0,0.0,0.0,0.0,0.0,0.0,0.0
322,3113.21630358696,144.21981678102514,30.681249618530273,0.0,0.0,-0.001093697384931147,139.0,45.0,156.54,0.0,0.0,0.0,0.0,0.0,0.0,0.0
323,3113.224444627762,144.21981678102514,30.681249618530273,0.0,0.0,-0.001093697384931147,139.0,45.0,156.54,0.0,0.0,0.0,0.0,0.0,0.0,0.0
324,3113.2326724529266,144.21981678102514,30.681249618530273,0.0,0.0,-0.00109016930218786,139.0,45.0,156.54,0.0,0.0,0.0,0.0,0.0,0.0,0.0
325,3113.2456555366516,144.21981678102514,30.681249618530273,0.0,0.0,-0.00109016930218786,139.0,45.0,156.54,0.0,0.0,0.0,0.0,0.0,0.0,0.0
326,3113.267745733261,144.21981678102514,30.681249618530273,0.0,0.0,-0.001093697384931147,139.0,45.0,156.54,0.0,0.0,0.0,0.0,0.0,0.0,0.0
327,3113.2788515090942,144.21981678102514,30.684375762939453,0.0,0.0,-0.0010848771780729294,139.0,45.0,156.54,0.0,0.0,0.0,0.0,0.0,0.0,0.0
328,3113.2983384132385,144.21981678102514,30.684375762939453,0.0,0.0,-0.0011042815167456865,139.0,45.0,156.54,0.0,0.0,0.0,0.0,0.0,0.0,0.0
329,3113.299714565277,144.21981678102514,30.684375762939453,0.0,0.0,-0.0011042815167456865,139.0,45.0,156.54,0.0,0.0,0.0,0.0,0.0,0.0,0.0
330,3113.315631866455,144.21981678102514,30.681249618530273,0.0,0.0,-0.001098989392630756,139.0,45.0,156.54,0.0,0.0,0.0,0.0,0.0,0.0,0.0
331,3113.3220262527466,144.21981678102514,30.681249618530273,0.0,0.0,-0.001086641219444573,139.0,45.0,156.54,0.0,0.0,0.0,0.0,0.0,0.0,0.0
332,3113.328543663025,189.6468461498616,30.681249618530273,0.0,0.0,-0.001086641219444573,139.0,45.0,156.54,0.0,0.0,0.0,0.0,0.0,0.0,0.0
333,3113.3415780067444,189.6468461498616,30.684375762939453,0.0,0.0,-0.001093697384931147,139.0,45.0,156.54,0.0,0.0,0.0,0.0,0.0,0.0,0.0
334,3113.348870754242,189.6468461498616,30.684375762939453,0.0,0.0,-0.001093697384931147,139.0,45.0,156.54,0.0,0.0,0.0,0.0,0.0,0.0,0.0
335,3113.3643016815186,189.6468461498616,30.681249618530273,0.0,0.0,-0.001093697384931147,139.0,45.0,156.54,0.0,0.0,0.0,0.0,0.0,0.0,0.0
336,3113.3921926021576,189.6468461498616,30.684375762939453,0.0,0.0,-0.0010954613098874688,139.0,45.0,156.54,0.0,0.0,0.0,0.0,0.0,0.0,0.0
337,3113.40615439415,189.6468461498616,30.681249618530273,0.0,0.0,-0.0011042815167456865,139.0,45.0,156.54,0.0,0.0,0.0,0.0,0.0,0.0,0.0
338,3113.4093062877655,189.6468461498616,30.681249618530273,0.0,0.0,-0.0011042815167456865,139.0,45.0,156.54,0.0,0.0,0.0,0.0,0.0,0.0,0.0
339,3113.4317514896393,189.6468461498616,30.681249618530273,0.0,0.0,-0.0010919333435595036,139.0,45.0,156.54,0.0,0.0,0.0,0.0,0.0,0.0,0.0
340,3113.433146715164,189.6468461498616,30.681249618530273,0.0,0.0,-0.0010919333435595036,139.0,45.0,156.54,0.0,0.0,0.0,0.0,0.0,0.0,0.0
341,3113.4395842552185,367.6999731388881,30.681249618530273,0.0,0.0,-0.0010919333435595036,139.0,45.0,156.54,0.0,0.0,0.0,0.0,0.0,0.0,0.0
342,3113.452231645584,367.6999731388881,30.681249618530273,0.0,0.0,-0.0010813490953296423,139.0,45.0,156.54,0.0,0.0,0.0,0.0,0.0,0.0,0.0
343,3113.4651923179626,367.6999731388881,30.681249618530273,0.0,0.0,-0.0010813490953296423,139.0,45.0,156.54,0.0,0.0,0.0,0.0,0.0,0.0,0.0
344,3113.4720208644867,367.6999731388881,30.681249618530273,0.0,0.0,-0.0010813490953296423,139.0,45.0,156.54,0.0,0.0,0.0,0.0,0.0,0.0,0.0
345,3113.4855592250824,367.6999731388881,30.684375762939453,0.0,0.0,-0.0010813490953296423,139.0,45.0,156.54,0.0,0.0,0.0,0.0,0.0,0.0,0.0
346,3113.4925153255463,367.6999731388881,30.684375762939453,0.0,0.0,-0.0010707649635151029,139.0,45.0,156.54,0.0,0.0,0.0,0.0,0.0,0.0,0.0
347,3113.5067369937897,367.6999731388881,30.681249618530273,0.0,0.0,-0.001077821129001677,139.0,45.0,156.54,0.0,0.0,0.0,0.0,0.0,0.0,0.0
348,3113.508897304535,367.6999731388881,30.681249618530273,0.0,0.0,-0.001077821129001677,139.0,45.0,156.54,0.0,0.0,0.0,0.0,0.0,0.0,0.0
349,3113.521410226822,367.6999731388881,30.681249618530273,0.0,0.0,-0.0010707649635151029,139.0,45.0,156.54,0.0,0.0,0.0,0.0,0.0,0.0,0.0
350,3113.528447151184,367.6999731388881,30.681249618530273,0.0,0.0,-0.0010707649635151029,139.0,45.0,156.54,0.0,0.0,0.0,0.0,0.0,0.0,0.0
351,3113.5390470027924,367.6999731388881,30.681249618530273,0.0,0.0,-0.001086641219444573,139.0,45.0,156.54,0.0,0.0,0.0,0.0,0.0,0.0,0.0
352,3113.561235666275,168.18635879266836,30.681249618530273,0.0,0.0,-0.001093697384931147,139.0,45.0,156.54,0.0,0.0,0.0,0.0,0.0,0.0,0.0
353,3113.5626039505005,168.18635879266836,30.681249618530273,0.0,0.0,-0.001093697384931147,139.0,45.0,156.54,0.0,0.0,0.0,0.0,0.0,0.0,0.0
354,3113.5690290927887,168.18635879266836,30.681249618530273,0.0,0.0,-0.001093697384931147,139.0,45.0,156.54,0.0,0.0,0.0,0.0,0.0,0.0,0.0
355,3113.588303089142,168.18635879266836,30.681249618530273,0.0,0.0,-0.0010954613098874688,139.0,45.0,156.54,0.0,0.0,0.0,0.0,0.0,0.0,0.0
356,3113.593090057373,168.18635879266836,30.681249618530273,0.0,0.0,-0.0010954613098874688,139.0,45.0,156.54,0.0,0.0,0.0,0.0,0.0,0.0,0.0
357,3113.605301141739,168.18635879266836,30.684375762939453,0.0,0.0,-0.0010919333435595036,139.0,45.0,156.54,0.0,0.0,0.0,0.0,0.0,0.0,0.0
358,3113.608560562134,168.18635879266836,30.684375762939453,0.0,0.0,-0.0010919333435595036,139.0,45.0,156.54,0.0,0.0,0.0,0.0,0.0,0.0,0.0
359,3113.618574142456,168.18635879266836,30.684375762939453,0.0,0.0,-0.0010813490953296423,139.0,45.0,156.54,0.0,0.0,0.0,0.0,0.0,0.0,0.0
360,3113.631610393524,168.18635879266836,30.684375762939453,0.0,0.0,-0.0010813490953296423,139.0,45.0,156.54,0.0,0.0,0.0,0.0,0.0,0.0,0.0
361,3113.6446537971497,175.83551840994463,30.684375762939453,0.0,0.0,-0.0010813490953296423,139.0,45.0,156.54,0.0,0.0,0.0,0.0,0.0,0.0,0.0
362,3113.652712583542,175.83551840994463,30.684375762939453,0.0,0.0,-0.0010848771780729294,139.0,45.0,156.54,0.0,0.0,0.0,0.0,0.0,0.0,0.0
363,3113.6770372390747,175.83551840994463,30.681249618530273,0.0,0.0,-0.0010919333435595036,139.0,45.0,156.54,0.0,0.0,0.0,0.0,0.0,0.0,0.0
364,3113.688350915909,175.83551840994463,30.681249618530273,0.0,0.0,-0.0010954613098874688,139.0,45.0,156.54,0.0,0.0,0.0,0.0,0.0,0.0,0.0
365,3113.703464269638,175.83551840994463,30.684375762939453,0.0,0.0,-0.0010954613098874688,139.0,45.0,156.54,0.0,0.0,0.0,0.0,0.0,0.0,0.0
366,3113.718892097473,175.83551840994463,30.684375762939453,0.0,0.0,-0.0010831131367012858,139.0,45.0,156.54,0.0,0.0,0.0,0.0,0.0,0.0,0.0
367,3113.7271173000336,175.83551840994463,30.684375762939453,0.0,0.0,-0.0010954613098874688,139.0,45.0,156.54,0.0,0.0,0.0,0.0,0.0,0.0,0.0
368,3113.7304871082306,175.83551840994463,30.684375762939453,0.0,0.0,-0.0010954613098874688,139.0,45.0,156.54,0.0,0.0,0.0,0.0,0.0,0.0,0.0
369,3113.749078273773,175.83551840994463,30.684375762939453,0.0,0.0,-0.001093697384931147,139.0,45.0,156.54,0.0,0.0,0.0,0.0,0.0,0.0,0.0
370,3113.7741434574127,175.83551840994463,30.684375762939453,0.0,0.0,-0.0010972253512591124,139.0,45.0,156.54,0.0,0.0,0.0,0.0,0.0,0.0,0.0
371,3113.7782330513,175.83551840994463,30.681249618530273,0.0,0.0,-0.0010972253512591124,139.0,45.0,156.54,0.0,0.0,0.0,0.0,0.0,0.0,0.0
372,3113.8034439086914,158.5342740376114,30.684375762939453,0.0,0.0,-0.0011078095994889736,139.0,45.0,156.54,0.0,0.0,0.0,0.0,0.0,0.0,0.0
373,3113.8045966625214,158.5342740376114,30.684375762939453,0.0,0.0,-0.0011078095994889736,139.0,45.0,156.54,0.0,0.0,0.0,0.0,0.0,0.0,0.0
374,3113.808572292328,158.5342740376114,30.684375762939453,0.0,0.0,-0.0011078095994889736,139.0,45.0,156.54,0.0,0.0,0.0,0.0,0.0,0.0,0.0
375,3113.8237550258636,158.5342740376114,30.684375762939453,0.0,0.0,-0.001102517475374043,139.0,45.0,156.54,0.0,0.0,0.0,0.0,0.0,0.0,0.0
376,3113.8308906555176,158.5342740376114,30.684375762939453,0.0,0.0,-0.001102517475374043,139.0,45.0,156.54,0.0,0.0,0.0,0.0,0.0,0.0,0.0
377,3113.8402128219604,158.5342740376114,30.684375762939453,0.0,0.0,-0.001102517475374043,139.0,45.0,156.54,0.0,0.0,0.0,0.0,0.0,0.0,0.0
378,3113.848622083664,158.5342740376114,30.684375762939453,0.0,0.0,-0.0011113375658169389,139.0,45.0,156.54,0.0,0.0,0.0,0.0,0.0,0.0,0.0
379,3113.87401676178,158.5342740376114,30.684375762939453,0.0,0.0,-0.001102517475374043,139.0,45.0,156.54,0.0,0.0,0.0,0.0,0.0,0.0,0.0
380,3113.8929574489594,158.5342740376114,30.684375762939453,0.0,0.0,-0.001102517475374043,139.0,45.0,156.54,0.0,0.0,0.0,0.0,0.0,0.0,0.0
381,3113.899686574936,158.5342740376114,30.684375762939453,0.0,0.0,-0.001102517475374043,139.0,45.0,156.54,0.0,0.0,0.0,0.0,0.0,0.0,0.0
382,3113.9093775749207,158.5342740376114,30.684375762939453,0.0,0.0,-0.00109016930218786,139.0,45.0,156.54,0.0,0.0,0.0,0.0,0.0,0.0,0.0
383,3113.922425508499,158.5342740376114,30.684375762939453,0.0,0.0,-0.00109016930218786,139.0,45.0,156.54,0.0,0.0,0.0,0.0,0.0,0.0,0.0
384,3113.9289383888245,158.5342740376114,30.684375762939453,0.0,0.0,-0.0010884052608162165,139.0,45.0,156.54,0.0,0.0,0.0,0.0,0.0,0.0,0.0
385,3113.9441273212433,158.5342740376114,30.684375762939453,0.0,0.0,-0.0010884052608162165,139.0,45.0,156.54,0.0,0.0,0.0,0.0,0.0,0.0,0.0
386,3113.948778152466,177.02185515952337,30.684375762939453,0.0,0.0,-0.0010795850539579988,139.0,45.0,156.54,0.0,0.0,0.0,0.0,0.0,0.0,0.0
387,3113.973877429962,177.02185515952337,30.684375762939453,0.0,0.0,-0.001093697384931147,139.0,45.0,156.54,0.0,0.0,0.0,0.0,0.0,0.0,0.0
388,3113.97532081604,177.02185515952337,30.684375762939453,0.0,0.0,-0.001093697384931147,139.0,45.0,156.54,0.0,0.0,0.0,0.0,0.0,0.0,0.0
389,3113.9866881370544,177.02185515952337,30.684375762939453,0.0,0.0,-0.0010831131367012858,139.0,45.0,156.54,0.0,0.0,0.0,0.0,0.0,0.0,0.0
390,3113.9957110881805,177.02185515952337,30.684375762939453,0.0,0.0,-0.0010831131367012858,139.0,45.0,156.54,0.0,0.0,0.0,0.0,0.0,0.0,0.0
391,3114.0103538036346,177.02185515952337,30.684375762939453,0.0,0.0,-0.0010848771780729294,139.0,45.0,156.54,0.0,0.0,0.0,0.0,0.0,0.0,0.0
392,3114.016484975815,177.02185515952337,30.684375762939453,0.0,0.0,-0.00110604555811733,139.0,45.0,156.54,0.0,0.0,0.0,0.0,0.0,0.0,0.0
393,3114.036097764969,177.02185515952337,30.684375762939453,0.0,0.0,-0.0010848771780729294,139.0,45.0,156.54,0.0,0.0,0.0,0.0,0.0,0.0,0.0
394,3114.0384092330933,177.02185515952337,30.684375762939453,0.0,0.0,-0.0010848771780729294,139.0,45.0,156.54,0.0,0.0,0.0,0.0,0.0,0.0,0.0
395,3114.046621322632,248.86153409452197,30.684375762939453,0.0,0.0,-0.0010848771780729294,139.0,45.0,156.54,0.0,0.0,0.0,0.0,0.0,0.0,0.0
396,3114.057847261429,248.86153409452197,30.684375762939453,0.0,0.0,-0.0011042815167456865,139.0,45.0,156.54,0.0,0.0,0.0,0.0,0.0,0.0,0.0
397,3114.0943882465363,248.86153409452197,30.684375762939453,0.0,0.0,-0.001086641219444573,139.0,45.0,156.54,0.0,0.0,0.0,0.0,0.0,0.0,0.0
398,3114.095686674118,248.86153409452197,30.684375762939453,0.0,0.0,-0.001086641219444573,139.0,45.0,156.54,0.0,0.0,0.0,0.0,0.0,0.0,0.0
399,3114.1068675518036,248.86153409452197,30.684375762939453,0.0,0.0,-0.001086641219444573,139.0,45.0,156.54,0.0,0.0,0.0,0.0,0.0,0.0,0.0
400,3114.120866060257,248.86153409452197,30.684375762939453,0.0,0.0,-0.0010672368807718158,139.0,45.0,156.54,0.0,0.0,0.0,0.0,0.0,0.0,0.0
401,3114.1260693073273,248.86153409452197,30.684375762939453,0.0,0.0,-0.0010672368807718158,139.0,45.0,156.54,0.0,0.0,0.0,0.0,0.0,0.0,0.0
402,3114.141296863556,196.09601580432025,30.684375762939453,0.0,0.0,-0.0010884052608162165,139.0,45.0,156.54,0.0,0.0,0.0,0.0,0.0,0.0,0.0
403,3114.146595954895,196.09601580432025,30.684375762939453,0.0,0.0,-0.0010884052608162165,139.0,45.0,156.54,0.0,0.0,0.0,0.0,0.0,0.0,0.0
404,3114.1623351573944,196.09601580432025,30.684375762939453,0.0,0.0,-0.0010884052608162165,139.0,45.0,156.54,0.0,0.0,0.0,0.0,0.0,0.0,0.0
405,3114.169035434723,196.09601580432025,30.684375762939453,0.0,0.0,-0.0010884052608162165,139.0,45.0,156.54,0.0,0.0,0.0,0.0,0.0,0.0,0.0
406,3114.186123609543,196.09601580432025,30.684375762939453,0.0,0.0,-0.00109016930218786,139.0,45.0,156.54,0.0,0.0,0.0,0.0,0.0,0.0,0.0
407,3114.1931161880493,196.09601580432025,30.684375762939453,0.0,0.0,-0.00109016930218786,139.0,45.0,156.54,0.0,0.0,0.0,0.0,0.0,0.0,0.0
408,3114.205434322357,196.09601580432025,30.684375762939453,0.0,0.0,-0.0010707649635151029,139.0,45.0,156.54,0.0,0.0,0.0,0.0,0.0,0.0,0.0
409,3114.2063705921173,196.09601580432025,30.684375762939453,0.0,0.0,-0.0010707649635151029,139.0,45.0,156.54,0.0,0.0,0.0,0.0,0.0,0.0,0.0
