,times,frequency,temperature,mass_flow,volume_flow,mouth_pressure,offset,theta,radius,alpha,z,x,alpha_ref,z_ref,x_ref,flow_ref,offset_ref,theta_ref,radius_ref
0,0.0,238.85287622996816,27.203125,0.833984375,1.283203125,-8.367831230163574,-0.03,44.53,5.51,-0.47,77.32,86.5,-0.47,77.32,86.49,-0.47,-0.03,44.53,5.51
1,0.05291485786437988,350.55797050819626,27.203125,16.376953125,24.73046875,744.1287841796875,-0.03,44.53,5.52,-0.47,77.32,86.48,-0.47,77.32,86.47,-0.47,-0.03,44.53,5.53
2,0.10875320434570312,350.55797050819626,27.20625114440918,21.84765625,33.044921875,966.5574340820312,-0.03,44.53,5.54,-0.47,77.32,86.46,-0.47,77.32,86.46,-0.47,-0.03,44.53,5.54
3,0.1655416488647461,399.93763446080595,27.20625114440918,26.0625,39.416015625,873.8788452148438,-0.03,44.53,5.55,-0.47,77.32,86.45,-0.47,77.32,86.44,-0.47,-0.03,44.53,5.56
4,0.2234818935394287,399.93763446080595,27.20625114440918,27.0703125,40.947265625,879.99658203125,-0.03,44.53,5.57,-0.47,77.32,86.43,-0.47,77.32,86.42,-0.47,-0.03,44.53,5.58
5,0.27892327308654785,1166.3188209807904,27.203125,27.595703125,41.744140625,887.0386962890625,-0.03,44.53,5.59,-0.47,77.32,86.42,-0.47,77.32,86.41,-0.47,-0.03,44.53,5.59
6,0.3319427967071533,1169.5884970858933,27.200000762939453,27.83203125,42.1015625,886.5400390625,-0.03,44.53,5.6,-0.47,77.32,86.4,-0.47,77.32,86.39,-0.47,-0.03,44.53,5.61
7,0.388197660446167,1169.5884970858933,27.196874618530273,27.93359375,42.255859375,882.3561401367188,-0.03,44.53,5.62,-0.47,77.32,86.38,-0.47,77.32,86.38,-0.47,-0.03,44.53,5.63
8,0.4431331157684326,1176.4410545671774,27.193750381469727,27.984375,42.33203125,874.5234375,-0.03,44.53,5.63,-0.47,77.32,86.38,-0.47,77.32,86.36,-0.47,-0.03,44.53,5.64
9,0.49784278869628906,1176.4410545671774,27.19062614440918,28.001953125,42.35546875,880.3858032226562,-0.03,44.53,5.65,-0.47,77.32,86.35,-0.47,77.32,86.34,-0.47,-0.03,44.53,5.66
10,0.5542480945587158,1169.2197105237858,27.1875,28.01171875,42.37109375,884.6913452148438,-0.03,44.53,5.67,-0.47,77.32,86.34,-0.47,77.32,86.33,-0.47,-0.03,44.53,5.67
11,0.608391523361206,1169.2197105237858,27.181249618530273,28.017578125,42.376953125,880.142578125,-0.03,44.53,5.68,-0.47,77.32,86.32,-0.47,77.32,86.31,-0.47,-0.03,44.53,5.69
12,0.6611268520355225,1183.875209371436,27.178125381469727,28.015625,42.376953125,878.1235961914062,-0.03,44.53,5.7,-0.47,77.32,86.3,-0.47,77.32,86.3,-0.47,-0.03,44.53,5.7
13,0.7152190208435059,1169.397307631539,27.171875,28.013671875,42.37109375,876.2626953125,-0.03,44.53,5.71,-0.47,77.32,86.29,-0.47,77.32,86.29,-0.47,-0.03,44.53,5.71
14,0.7762565612792969,1169.397307631539,27.165624618530273,28.0078125,42.36328125,884.6427001953125,-0.03,44.53,5.73,-0.47,77.32,86.27,-0.47,77.32,86.27,-0.47,-0.03,44.53,5.73
15,0.8337931632995605,1169.397307631539,27.15625,28.005859375,42.359375,886.2724609375,-0.03,44.53,5.75,-0.47,77.32,86.26,-0.47,77.32,86.25,-0.47,-0.03,44.53,5.75
16,0.8922922611236572,1173.6379671334732,27.149999618530273,28.0078125,42.361328125,881.33447265625,-0.03,44.53,5.76,-0.47,77.32,86.24,-0.47,77.32,86.23,-0.47,-0.03,44.53,5.77
17,0.9514732360839844,1176.0197884895974,27.14375114440918,28.009765625,42.361328125,884.4481201171875,-0.03,44.53,5.78,-0.47,77.32,86.22,-0.47,77.32,86.22,-0.47,-0.03,44.53,5.79
18,1.0093166828155518,1176.0197884895974,27.134374618530273,28.0078125,42.35546875,883.3899536132812,-0.03,44.53,5.79,-0.47,77.32,86.21,-0.47,77.32,86.2,-0.47,-0.03,44.53,5.8
19,1.0673518180847168,1165.9317567706437,27.125,28.013671875,42.365234375,886.94140625,-0.03,44.53,5.81,-0.47,77.32,86.19,-0.47,77.32,86.18,-0.47,-0.03,44.53,5.82
20,1.1251037120819092,1168.7508900877542,27.118749618530273,28.013671875,42.36328125,888.6563110351562,-0.03,44.53,5.83,-0.47,77.32,86.18,-0.47,77.32,86.17,-0.47,-0.03,44.53,5.83
21,1.1787590980529785,1168.7508900877542,27.109375,28.013671875,42.361328125,890.94287109375,-0.03,44.53,5.84,-0.47,77.32,86.16,-0.47,77.32,86.15,-0.47,-0.03,44.53,5.85
22,1.2347712516784668,1167.248582409428,27.100000381469727,28.009765625,42.35546875,878.9627685546875,-0.03,44.53,5.86,-0.47,77.32,86.14,-0.47,77.32,86.14,-0.47,-0.03,44.53,5.87
23,1.2875499725341797,1167.248582409428,27.09375,28.005859375,42.349609375,881.3709716796875,-0.03,44.53,5.87,-0.47,77.33,86.13,-0.47,77.33,86.12,-0.47,-0.03,44.53,5.88
24,1.3445727825164795,1171.241931946706,27.084375381469727,28.0,42.33984375,888.9360961914062,-0.03,44.53,5.89,-0.47,77.33,86.11,-0.47,77.33,86.1,-0.47,-0.03,44.53,5.9
25,1.397402286529541,1172.1066965517043,27.078125,28.0,42.33984375,891.61181640625,-0.03,44.53,5.91,-0.47,77.33,86.1,-0.47,77.33,86.09,-0.47,-0.03,44.53,5.91
26,1.4515399932861328,1172.1066965517043,27.068750381469727,28.001953125,42.34375,874.53564453125,-0.03,44.53,5.92,-0.47,77.33,86.08,-0.47,77.33,86.07,-0.47,-0.03,44.53,5.93
27,1.5080225467681885,1166.8859404576972,27.059375762939453,28.00390625,42.34375,874.5234375,-0.03,44.53,5.94,-0.47,77.33,86.06,-0.47,77.33,86.06,-0.47,-0.03,44.53,5.95
28,1.5616388320922852,1166.8859404576972,27.05000114440918,28.005859375,42.34375,883.2196655273438,-0.03,44.53,5.95,-0.47,77.33,86.05,-0.47,77.33,86.04,-0.47,-0.03,44.53,5.96
29,1.616948127746582,1171.5549771186297,27.043750762939453,28.0078125,42.345703125,879.802001953125,-0.03,44.53,5.97,-0.47,77.33,86.03,-0.47,77.33,86.02,-0.47,-0.03,44.53,5.98
30,1.6748669147491455,1171.5549771186297,27.03437614440918,28.0078125,42.345703125,889.5928344726562,-0.03,44.53,5.99,-0.47,77.33,86.02,-0.47,77.33,86.01,-0.47,-0.03,44.53,5.99
31,1.7299706935882568,1181.1808793910966,27.028125762939453,28.0078125,42.34375,882.197998046875,-0.03,44.53,6.0,-0.47,77.33,86.0,-0.47,77.33,85.99,-0.47,-0.03,44.53,6.01
32,1.785811424255371,1181.1808793910966,27.015625,28.005859375,42.33984375,893.7767944335938,-0.03,44.53,6.02,-0.47,77.33,85.98,-0.47,77.33,85.98,-0.47,-0.03,44.53,6.02
33,1.8441078662872314,1171.1788887644548,27.006250381469727,28.0,42.326171875,897.1701049804688,-0.03,44.53,6.03,-0.47,77.33,85.97,-0.47,77.33,85.96,-0.47,-0.03,44.53,6.04
34,1.8983690738677979,1175.5736677580053,27.0,28.001953125,42.330078125,873.124755859375,-0.03,44.53,6.05,-0.47,77.33,85.95,-0.47,77.33,85.94,-0.47,-0.03,44.53,6.06
35,1.9579358100891113,1175.5736677580053,26.98750114440918,27.99609375,42.322265625,871.3368530273438,-0.03,44.53,6.07,-0.47,77.33,85.94,-0.47,77.33,85.93,-0.47,-0.03,44.53,6.07
36,2.0132546424865723,1176.0161808978842,26.981250762939453,27.998046875,42.3203125,879.33984375,-0.03,44.53,6.08,-0.47,77.33,85.92,-0.47,77.33,85.91,-0.47,-0.03,44.53,6.09
37,2.0692856311798096,1176.0161808978842,26.975000381469727,28.0,42.326171875,882.8304443359375,-0.03,44.53,6.09,-0.47,77.33,85.91,-0.47,77.33,85.9,-0.47,-0.03,44.53,6.11
38,2.1241796016693115,1171.1151808136694,26.965625762939453,28.00390625,42.328125,886.5157470703125,-0.03,44.53,6.11,-0.47,77.33,85.89,-0.47,77.33,85.88,-0.47,-0.03,44.53,6.12
39,2.1819605827331543,1171.1151808136694,26.95625114440918,28.0078125,42.333984375,882.9764404296875,-0.03,44.53,6.13,-0.47,77.33,85.87,-0.47,77.33,85.86,-0.47,-0.03,44.53,6.14
40,2.234926700592041,1171.1908212042767,26.950000762939453,28.009765625,42.333984375,878.4154663085938,-0.03,44.53,6.15,-0.47,77.33,85.86,-0.47,77.33,85.85,-0.47,-0.03,44.53,6.15
41,2.2873589992523193,1167.2853044530837,26.94062614440918,28.009765625,42.333984375,889.142822265625,-0.03,44.53,6.16,-0.47,77.33,85.84,-0.47,77.33,85.83,-0.47,-0.03,44.53,6.17
42,2.34255313873291,1167.2853044530837,26.934375762939453,28.0078125,42.330078125,886.6981811523438,-0.03,44.53,6.18,-0.47,77.33,85.82,-0.47,77.33,85.82,-0.47,-0.03,44.53,6.18
43,2.399510622024536,390.7854328893596,26.92500114440918,28.005859375,42.326171875,882.0885620117188,-0.03,44.53,6.19,-0.47,77.33,85.81,-0.47,77.33,85.8,-0.47,-0.03,44.53,6.2
44,2.4540462493896484,390.7854328893596,26.915624618530273,28.00390625,42.322265625,874.5842895507812,-0.03,44.53,6.2,-0.47,77.33,85.8,-0.47,77.33,85.78,-0.47,-0.03,44.53,6.22
45,2.5112414360046387,390.58194099759453,26.90937614440918,27.998046875,42.314453125,892.7794189453125,-0.03,44.53,6.23,-0.47,77.33,85.78,-0.47,77.33,85.77,-0.47,-0.03,44.53,6.23
46,2.5647149085998535,390.64076335417616,26.899999618530273,27.998046875,42.310546875,881.8209838867188,-0.03,44.53,6.24,-0.47,77.33,85.76,-0.47,77.33,85.76,-0.47,-0.03,44.53,6.24
47,2.6233577728271484,390.64076335417616,26.890625,28.001953125,42.31640625,881.139892578125,-0.03,44.53,6.25,-0.47,77.33,85.75,-0.47,77.33,85.74,-0.47,-0.03,44.53,6.26
48,2.68023943901062,1170.2418567110826,26.884374618530273,28.005859375,42.3203125,873.2706909179688,-0.03,44.53,6.27,-0.47,77.33,85.73,-0.47,77.33,85.72,-0.47,-0.03,44.53,6.28
49,2.7374932765960693,1170.2418567110826,26.875,28.0078125,42.32421875,879.4127807617188,-0.03,44.53,6.29,-0.47,77.33,85.71,-0.47,77.33,85.71,-0.47,-0.03,44.53,6.29
50,2.7923367023468018,1167.3879735945545,26.868749618530273,28.0078125,42.3203125,881.0790405273438,-0.03,44.53,6.31,-0.47,77.33,85.7,-0.47,77.33,85.69,-0.47,-0.03,44.53,6.31
51,2.8474807739257812,1168.033988625446,26.86250114440918,28.009765625,42.322265625,880.3250122070312,-0.03,44.53,6.31,-0.47,77.33,85.69,-0.47,77.33,85.67,-0.47,-0.03,44.53,6.33
52,2.901667594909668,1168.033988625446,26.856250762939453,28.0078125,42.318359375,881.0547485351562,-0.03,44.53,6.33,-0.47,77.33,85.67,-0.47,77.33,85.66,-0.47,-0.03,44.53,6.34
53,2.958801031112671,1175.505829265019,26.850000381469727,28.001953125,42.30859375,872.9544677734375,-0.03,44.53,6.35,-0.47,77.33,85.66,-0.47,77.33,85.64,-0.47,-0.03,44.53,6.36
54,3.0159783363342285,392.43355197859995,26.840625762939453,28.001953125,42.30859375,874.3532104492188,-0.03,44.53,6.37,-0.47,77.33,85.63,-0.47,77.33,85.63,-0.47,-0.03,44.53,6.37
55,3.069584608078003,392.43355197859995,26.834375381469727,27.998046875,42.302734375,877.4424438476562,-0.03,44.53,6.38,-0.47,77.33,85.62,-0.47,77.33,85.61,-0.47,-0.03,44.53,6.39
56,3.1255362033843994,1144.8879023347044,26.825000762939453,28.0,42.302734375,866.9097290039062,-0.03,44.53,6.4,-0.47,77.33,85.6,-0.47,77.33,85.59,-0.47,-0.03,44.53,6.41
57,3.181597948074341,1144.8879023347044,26.821874618530273,27.998046875,42.30078125,883.5237426757812,-0.03,44.53,6.41,-0.47,77.33,85.59,-0.47,77.33,85.58,-0.47,-0.03,44.53,6.43
58,3.2367634773254395,391.802953025238,26.8125,28.001953125,42.302734375,884.7643432617188,-0.03,44.53,6.43,-0.47,77.33,85.57,-0.47,77.33,85.57,-0.47,-0.03,44.53,6.43
59,3.2944955825805664,391.802953025238,26.803125381469727,28.00390625,42.302734375,880.39794921875,-0.03,44.53,6.44,-0.47,77.33,85.56,-0.47,77.33,85.55,-0.47,-0.03,44.53,6.45
60,3.34928560256958,386.96590150659927,26.796875,28.005859375,42.306640625,878.5857543945312,-0.03,44.53,6.47,-0.47,77.33,85.54,-0.47,77.33,85.53,-0.47,-0.03,44.53,6.47
61,3.4041013717651367,1180.6386143474977,26.793750762939453,28.00390625,42.302734375,880.2520141601562,-0.03,44.53,6.48,-0.47,77.33,85.52,-0.47,77.33,85.52,-0.47,-0.03,44.53,6.48
62,3.458923578262329,1180.6386143474977,26.787500381469727,28.005859375,42.306640625,874.9005126953125,-0.03,44.53,6.49,-0.47,77.33,85.51,-0.47,77.33,85.5,-0.47,-0.03,44.53,6.5
63,3.512406349182129,389.6396181439384,26.78125,28.0,42.298828125,880.9452514648438,-0.03,44.53,6.51,-0.47,77.33,85.5,-0.47,77.33,85.49,-0.47,-0.03,44.53,6.51
64,3.567230224609375,390.4232074013646,26.774999618530273,27.998046875,42.29296875,876.068115234375,-0.03,44.53,6.52,-0.47,77.33,85.48,-0.47,77.33,85.47,-0.47,-0.03,44.53,6.53
65,3.6204488277435303,390.4232074013646,26.76875114440918,27.998046875,42.291015625,877.9654541015625,-0.03,44.53,6.54,-0.47,77.33,85.46,-0.47,77.33,85.46,-0.47,-0.03,44.53,6.55
66,3.674124240875244,390.7013237899722,26.765625,27.998046875,42.291015625,874.9126586914062,-0.03,44.53,6.55,-0.47,77.33,85.45,-0.47,77.33,85.44,-0.47,-0.03,44.53,6.56
67,3.7322609424591064,390.7013237899722,26.759374618530273,27.998046875,42.291015625,876.724853515625,-0.03,44.53,6.57,-0.47,77.33,85.43,-0.47,77.33,85.42,-0.47,-0.03,44.53,6.58
68,3.787306785583496,391.250946311781,26.75312614440918,28.001953125,42.294921875,879.9479370117188,-0.03,44.53,6.59,-0.47,77.33,85.42,-0.47,77.33,85.41,-0.47,-0.03,44.53,6.59
69,3.847825288772583,393.3979527611965,26.746875762939453,28.001953125,42.294921875,875.5086059570312,-0.03,44.53,6.6,-0.47,77.33,85.4,-0.47,77.33,85.39,-0.47,-0.03,44.53,6.61
70,3.903571128845215,389.8994886828637,26.740625381469727,28.00390625,42.296875,885.7251586914062,-0.03,44.53,6.63,-0.47,77.33,85.38,-0.47,77.33,85.38,-0.47,-0.03,44.53,6.63
71,3.959181308746338,389.8994886828637,26.734375,28.005859375,42.30078125,872.200439453125,-0.03,44.53,6.64,-0.47,77.33,85.36,-0.47,77.33,85.36,-0.47,-0.03,44.53,6.64
72,4.01606011390686,390.35019188614444,26.728124618530273,28.00390625,42.296875,874.3775024414062,-0.03,44.53,6.65,-0.47,77.33,85.35,-0.47,77.33,85.34,-0.47,-0.03,44.53,6.66
73,4.0689990520477295,390.8875932848478,26.725000381469727,28.00390625,42.294921875,876.5789184570312,-0.03,44.53,6.67,-0.47,77.33,85.33,-0.47,77.33,85.33,-0.47,-0.03,44.53,6.67
74,4.122060060501099,390.8875932848478,26.71875,28.0,42.2890625,885.9927368164062,-0.03,44.53,6.68,-0.47,77.33,85.32,-0.47,77.33,85.31,-0.47,-0.03,44.53,6.69
75,4.180660724639893,388.161316618102,26.712499618530273,27.998046875,42.28515625,872.6017456054688,-0.03,44.53,6.7,-0.47,77.33,85.3,-0.47,77.33,85.3,-0.47,-0.03,44.53,6.71
76,4.237832546234131,388.161316618102,26.709375381469727,28.0,42.287109375,872.8328857421875,-0.03,44.53,6.71,-0.47,77.33,85.29,-0.47,77.33,85.28,-0.47,-0.03,44.53,6.72
77,4.293000221252441,393.0472314908937,26.703125,28.0,42.287109375,881.2128295898438,-0.03,44.53,6.73,-0.47,77.33,85.27,-0.47,77.33,85.26,-0.47,-0.03,44.53,6.74
78,4.346737623214722,393.0472314908937,26.700000762939453,28.001953125,42.291015625,875.4478149414062,-0.03,44.53,6.75,-0.47,77.33,85.26,-0.47,77.33,85.25,-0.47,-0.03,44.53,6.75
79,4.403233289718628,394.0170314574486,26.693750381469727,28.0078125,42.296875,895.1146240234375,-0.03,44.53,6.76,-0.47,77.33,85.24,-0.47,77.33,85.23,-0.47,-0.03,44.53,6.77
80,4.457614421844482,395.65108595256027,26.6875,28.009765625,42.296875,874.0247802734375,-0.03,44.53,6.78,-0.47,77.33,85.22,-0.47,77.33,85.22,-0.47,-0.03,44.53,6.79
81,4.511734247207642,395.65108595256027,26.684375762939453,28.005859375,42.29296875,884.5089111328125,-0.03,44.53,6.79,-0.47,77.33,85.21,-0.47,77.34,85.2,-0.47,-0.03,44.53,6.8
82,4.566208362579346,795.9402820647542,26.681249618530273,28.0078125,42.29296875,899.6390991210938,-0.03,44.53,6.81,-0.47,77.34,85.19,-0.47,77.34,85.18,-0.47,-0.03,44.53,6.82
83,4.6198344230651855,795.9402820647542,26.67500114440918,28.00390625,42.287109375,884.8981323242188,-0.03,44.53,6.83,-0.47,77.34,85.18,-0.47,77.34,85.17,-0.47,-0.03,44.53,6.83
84,4.679353475570679,790.8229774645231,26.668750762939453,28.0,42.279296875,890.2861328125,-0.03,44.53,6.84,-0.47,77.34,85.16,-0.47,77.34,85.15,-0.47,-0.03,44.53,6.85
85,4.7379326820373535,810.3414953967231,26.662500381469727,27.99609375,42.2734375,901.7067260742188,-0.03,44.53,6.86,-0.47,77.34,85.14,-0.47,77.34,85.14,-0.47,-0.03,44.53,6.87
86,4.79163932800293,810.3414953967231,26.65937614440918,27.99609375,42.2734375,883.4264526367188,-0.03,44.53,6.87,-0.47,77.34,85.13,-0.47,77.34,85.12,-0.47,-0.03,44.53,6.88
87,4.845395088195801,796.6973447566893,26.65625,27.998046875,42.27734375,885.61572265625,-0.03,44.53,6.89,-0.47,77.34,85.11,-0.47,77.34,85.1,-0.47,-0.03,44.53,6.9
88,4.898052930831909,796.7275720485261,26.653125762939453,28.001953125,42.28125,876.858642578125,-0.03,44.53,6.91,-0.47,77.34,85.1,-0.47,77.34,85.09,-0.47,-0.03,44.53,6.91
89,4.950124025344849,796.7275720485261,26.646875381469727,28.00390625,42.283203125,887.7684936523438,-0.03,44.53,6.92,-0.47,77.34,85.08,-0.47,77.34,85.07,-0.47,-0.03,44.53,6.93
90,5.005964994430542,803.3928100540992,26.646875381469727,28.005859375,42.287109375,871.0206298828125,-0.03,44.53,6.94,-0.47,77.34,85.06,-0.47,77.34,85.06,-0.47,-0.03,44.53,6.95
91,5.0639190673828125,798.8800856809254,26.640625,28.005859375,42.28515625,876.396484375,-0.03,44.53,6.95,-0.47,77.34,85.05,-0.47,77.34,85.04,-0.47,-0.03,44.53,6.96
92,5.121666193008423,798.8800856809254,26.634374618530273,28.00390625,42.283203125,879.2789916992188,-0.03,44.53,6.97,-0.47,77.34,85.03,-0.47,77.34,85.02,-0.47,-0.03,44.53,6.98
93,5.1770007610321045,796.9994966522979,26.634374618530273,28.00390625,42.28125,871.59228515625,-0.03,44.53,6.99,-0.47,77.34,85.02,-0.47,77.34,85.01,-0.47,-0.03,44.53,6.99
94,5.230063199996948,796.9994966522979,26.62812614440918,27.998046875,42.271484375,880.8601684570312,-0.03,44.53,7.0,-0.47,77.34,85.0,-0.47,77.34,84.99,-0.47,-0.03,44.53,7.01
95,5.2859227657318115,798.7410527349914,26.625,27.998046875,42.271484375,883.9494018554688,-0.03,44.53,7.02,-0.47,77.34,84.98,-0.47,77.34,84.98,-0.47,-0.03,44.53,7.03
96,5.342713117599487,798.7410527349914,26.618749618530273,27.9921875,42.263671875,876.5181274414062,-0.03,44.53,7.03,-0.47,77.34,84.97,-0.47,77.34,84.96,-0.47,-0.03,44.53,7.04
97,5.40082859992981,796.4150907930026,26.618749618530273,27.998046875,42.26953125,875.05859375,-0.03,44.53,7.05,-0.47,77.34,84.95,-0.47,77.34,84.94,-0.47,-0.03,44.53,7.06
98,5.453533411026001,796.4150907930026,26.61250114440918,28.0,42.2734375,885.6886596679688,-0.03,44.53,7.06,-0.47,77.34,84.94,-0.47,77.34,84.93,-0.47,-0.03,44.53,7.07
99,5.508439302444458,805.2201144099422,26.606250762939453,28.00390625,42.279296875,874.1099243164062,-0.03,44.53,7.08,-0.47,77.34,84.92,-0.47,77.34,84.91,-0.47,-0.03,44.53,7.09
100,5.56298041343689,805.2201144099422,26.606250762939453,28.005859375,42.283203125,876.4937744140625,-0.03,44.53,7.09,-0.47,77.34,84.91,-0.47,77.34,84.9,-0.47,-0.03,44.53,7.11
101,5.617621421813965,805.2772005904025,26.603124618530273,28.005859375,42.28125,865.4988403320312,-0.03,44.53,7.11,-0.47,77.34,84.89,-0.47,77.34,84.88,-0.47,-0.03,44.53,7.12
102,5.675743579864502,805.2772005904025,26.600000381469727,28.00390625,42.275390625,883.3534545898438,-0.03,44.53,7.12,-0.47,77.34,84.88,-0.47,77.34,84.87,-0.47,-0.03,44.53,7.13
103,5.731584787368774,796.3844628697,26.59375,28.0,42.26953125,880.2155151367188,-0.03,44.53,7.15,-0.47,77.34,84.86,-0.47,77.34,84.85,-0.47,-0.03,44.53,7.15
104,5.788731813430786,796.9304595744372,26.590625762939453,27.998046875,42.267578125,874.9126586914062,-0.03,44.53,7.15,-0.47,77.34,84.85,-0.47,77.34,84.84,-0.47,-0.03,44.53,7.16
105,5.849201440811157,796.9304595744372,26.587499618530273,27.9921875,42.259765625,879.7168579101562,-0.03,44.53,7.18,-0.47,77.34,84.82,-0.47,77.34,84.82,-0.47,-0.03,44.53,7.19
106,5.902699708938599,801.6070000601679,26.584375381469727,27.9921875,42.259765625,869.2449340820312,-0.03,44.53,7.19,-0.47,77.34,84.81,-0.47,77.34,84.8,-0.47,-0.03,44.53,7.2
107,5.95566463470459,796.5613930380421,26.58125114440918,27.994140625,42.26171875,876.9559936523438,-0.03,44.53,7.21,-0.47,77.34,84.79,-0.47,77.34,84.78,-0.47,-0.03,44.53,7.22
108,6.011524438858032,796.5613930380421,26.578125,28.001953125,42.271484375,877.1505737304688,-0.03,44.53,7.22,-0.47,77.34,84.78,-0.47,77.34,84.77,-0.47,-0.03,44.53,7.23
109,6.065150499343872,796.5969776731679,26.575000762939453,28.00390625,42.2734375,887.8657836914062,-0.03,44.53,7.24,-0.47,77.34,84.76,-0.47,77.34,84.76,-0.47,-0.03,44.53,7.24
110,6.117284059524536,796.112991223811,26.571874618530273,28.005859375,42.27734375,875.8978271484375,-0.03,44.53,7.25,-0.47,77.34,84.75,-0.47,77.34,84.74,-0.47,-0.03,44.53,7.27
111,6.171590805053711,796.112991223811,26.568750381469727,28.005859375,42.2734375,876.8099975585938,-0.03,44.53,7.27,-0.47,77.34,84.74,-0.47,77.34,84.72,-0.47,-0.03,44.53,7.28
112,6.225935459136963,796.3927814256067,26.56562614440918,28.005859375,42.2734375,880.7141723632812,-0.03,44.53,7.29,-0.47,77.34,84.71,-0.47,77.34,84.71,-0.47,-0.03,44.53,7.29
113,6.283749341964722,796.3927814256067,26.5625,28.00390625,42.26953125,892.0253295898438,-0.03,44.53,7.3,-0.47,77.34,84.7,-0.47,77.34,84.69,-0.47,-0.03,44.53,7.31
114,6.337728977203369,794.6675187830183,26.5625,28.001953125,42.267578125,885.1778564453125,-0.03,44.53,7.31,-0.47,77.34,84.69,-0.47,77.34,84.68,-0.47,-0.03,44.53,7.32
115,6.3963704109191895,794.6675187830183,26.556249618530273,27.998046875,42.265625,868.9043579101562,-0.03,44.53,7.33,-0.47,77.34,84.67,-0.47,77.34,84.66,-0.47,-0.03,44.53,7.34
116,6.452350378036499,796.3412820087756,26.553125381469727,27.99609375,42.259765625,875.800537109375,-0.03,44.53,7.35,-0.47,77.34,84.66,-0.47,77.34,84.65,-0.47,-0.03,44.53,7.35
117,6.508043527603149,802.0679961710626,26.55000114440918,27.99609375,42.259765625,886.4548950195312,-0.03,44.53,7.37,-0.47,77.34,84.63,-0.47,77.34,84.63,-0.47,-0.03,44.53,7.37
118,6.562043190002441,802.0679961710626,26.55000114440918,28.001953125,42.265625,868.9408569335938,-0.03,44.53,7.38,-0.47,77.34,84.62,-0.47,77.34,84.61,-0.47,-0.03,44.53,7.39
119,6.6172099113464355,802.0679961710626,26.543750762939453,28.005859375,42.271484375,879.9722900390625,-0.03,44.53,7.39,-0.47,77.34,84.61,-0.47,77.34,84.6,-0.47,-0.03,44.53,7.4
120,6.671363353729248,792.6008962355546,26.543750762939453,28.005859375,42.271484375,887.549560546875,-0.03,44.53,7.41,-0.47,77.34,84.59,-0.47,77.34,84.58,-0.47,-0.03,44.53,7.42
121,6.72417140007019,801.1461014003808,26.540624618530273,28.009765625,42.27734375,883.000732421875,-0.03,44.53,7.43,-0.47,77.34,84.57,-0.47,77.34,84.57,-0.47,-0.03,44.53,7.43
122,6.778024911880493,801.1461014003808,26.537500381469727,28.0078125,42.271484375,870.25439453125,-0.03,44.53,7.44,-0.47,77.34,84.56,-0.47,77.34,84.55,-0.47,-0.03,44.53,7.45
123,6.8309783935546875,796.2989850016723,26.53437614440918,28.00390625,42.265625,884.8251342773438,-0.03,44.53,7.46,-0.47,77.34,84.54,-0.47,77.34,84.54,-0.47,-0.03,44.53,7.47
124,6.88391637802124,795.8623012448113,26.53437614440918,28.0,42.26171875,871.653076171875,-0.03,44.53,7.47,-0.47,77.34,84.53,-0.47,77.34,84.52,-0.47,-0.03,44.53,7.48
125,6.9381020069122314,795.8623012448113,26.53125,27.99609375,42.25390625,885.3724365234375,-0.03,44.53,7.49,-0.47,77.34,84.51,-0.47,77.34,84.5,-0.47,-0.03,44.53,7.5
126,6.991741180419922,795.4507588939167,26.528125762939453,27.998046875,42.2578125,879.46142578125,-0.03,44.53,7.51,-0.47,77.34,84.5,-0.47,77.34,84.49,-0.47,-0.04,44.53,7.51
127,7.045289993286133,795.9296368481029,26.524999618530273,27.9921875,42.25,869.9989624023438,-0.04,44.53,7.52,-0.47,77.34,84.48,-0.47,77.34,84.47,-0.47,-0.04,44.53,7.53
128,7.097937345504761,795.9296368481029,26.521875381469727,27.99609375,42.25390625,887.0873413085938,-0.04,44.53,7.54,-0.47,77.34,84.46,-0.47,77.34,84.46,-0.47,-0.04,44.53,7.54
129,7.153216361999512,797.7270999492698,26.521875381469727,28.001953125,42.26171875,882.7940063476562,-0.04,44.53,7.55,-0.47,77.34,84.46,-0.47,77.34,84.44,-0.47,-0.04,44.53,7.56
130,7.2118284702301025,797.7270999492698,26.51875114440918,28.005859375,42.267578125,869.3665161132812,-0.04,44.53,7.57,-0.47,77.34,84.43,-0.5,77.34,84.43,-0.5,0.0,44.5,7.57
131,7.266391277313232,791.9070782051487,26.515625,28.005859375,42.26953125,871.8355102539062,0.0,44.5,7.59,-0.5,77.34,84.42,-0.5,77.34,84.41,-0.5,0.0,44.5,7.59
132,7.321553945541382,791.9070782051487,26.512500762939453,28.005859375,42.267578125,888.072509765625,0.0,44.5,7.59,-0.5,77.34,84.41,-0.5,77.34,84.4,-0.5,0.0,44.5,7.6
133,7.377981185913086,795.1554565177723,26.512500762939453,28.00390625,42.263671875,908.5785522460938,0.0,44.5,7.61,-0.5,77.34,84.39,-0.5,77.34,84.38,-0.5,0.0,44.5,7.62
134,7.435425281524658,797.3351645450368,26.509374618530273,28.0,42.2578125,877.0532836914062,0.0,44.5,7.63,-0.5,77.34,84.37,-0.5,77.34,84.36,-0.5,0.0,44.5,7.64
135,7.49216103553772,797.3351645450368,26.506250381469727,27.99609375,42.251953125,863.8690795898438,0.0,44.5,7.65,-0.5,77.34,84.35,-0.5,77.34,84.34,-0.5,0.0,44.5,7.66
136,7.547010898590088,798.914468116763,26.506250381469727,27.994140625,42.24609375,888.340087890625,0.0,44.5,7.67,-0.5,77.34,84.34,-0.5,77.34,84.33,-0.5,0.0,44.5,7.67
137,7.599965572357178,795.0774656429105,26.5,27.994140625,42.248046875,880.872314453125,0.0,44.5,7.68,-0.5,77.34,84.32,-0.5,77.34,84.32,-0.5,0.0,44.5,7.68
138,7.6520750522613525,795.0774656429105,26.5,27.998046875,42.251953125,881.2128295898438,0.0,44.5,7.69,-0.5,77.34,84.31,-0.5,77.34,84.3,-0.5,0.0,44.5,7.7
139,7.704924583435059,795.464390535808,26.496875762939453,28.0,42.25390625,880.1912231445312,0.0,44.5,7.71,-0.5,77.34,84.3,-0.5,77.34,84.29,-0.5,0.0,44.5,7.71
140,7.7598042488098145,795.464390535808,26.496875762939453,28.001953125,42.259765625,885.1657104492188,0.0,44.5,7.72,-0.5,77.34,84.28,-0.5,77.34,84.27,-0.5,0.0,44.5,7.73
141,7.812992095947266,795.2496917518678,26.493749618530273,28.005859375,42.26171875,889.3374633789062,0.0,44.5,7.74,-0.5,77.34,84.26,-0.5,77.34,84.26,-0.5,0.0,44.5,7.75
142,7.8669397830963135,795.120421457522,26.493749618530273,28.00390625,42.26171875,860.5365600585938,0.01,44.5,7.76,-0.5,77.34,84.24,-0.5,77.34,84.24,-0.5,0.01,44.5,7.76
143,7.920364618301392,795.120421457522,26.490625381469727,28.00390625,42.259765625,871.5801391601562,0.01,44.5,7.77,-0.5,77.34,84.23,-0.5,77.34,84.22,-0.5,0.01,44.5,7.78
144,7.975644588470459,794.6844597383014,26.48750114440918,28.0,42.255859375,884.0467529296875,0.01,44.5,7.79,-0.5,77.34,84.22,-0.5,77.34,84.21,-0.5,0.01,44.5,7.79
145,8.03188157081604,795.1688838440008,26.484375,27.998046875,42.25,879.1087646484375,0.01,44.5,7.8,-0.5,77.34,84.2,-0.5,77.34,84.19,-0.5,0.01,44.5,7.81
146,8.08659553527832,795.1688838440008,26.484375,27.99609375,42.24609375,875.861328125,0.01,44.5,7.82,-0.5,77.34,84.18,-0.5,77.34,84.18,-0.5,0.01,44.5,7.83
147,8.144696474075317,795.3085705082607,26.481250762939453,27.994140625,42.24609375,885.74951171875,0.01,44.5,7.83,-0.5,77.34,84.17,-0.5,77.34,84.16,-0.5,0.01,44.5,7.84
148,8.199475765228271,795.3085705082607,26.481250762939453,27.998046875,42.25,875.3018798828125,0.01,44.5,7.85,-0.5,77.34,84.15,-0.5,77.34,84.15,-0.5,0.01,44.5,7.85
149,8.255805492401123,792.2572923056371,26.478124618530273,28.0,42.25390625,874.6329345703125,0.01,44.5,7.87,-0.5,77.34,84.14,-0.5,77.34,84.13,-0.5,0.01,44.5,7.87
150,8.309319019317627,789.9898584327918,26.478124618530273,28.005859375,42.26171875,874.4140014648438,0.01,44.5,7.88,-0.5,77.34,84.12,-0.5,77.34,84.11,-0.5,0.01,44.5,7.89
151,8.363328456878662,789.9898584327918,26.475000381469727,28.0078125,42.265625,886.138671875,0.01,44.5,7.9,-0.5,77.34,84.1,-0.5,77.34,84.1,-0.5,0.01,44.5,7.91
152,8.415843725204468,794.5745097276124,26.47187614440918,28.009765625,42.26953125,873.5504760742188,0.01,44.5,7.91,-0.5,77.34,84.09,-0.5,77.34,84.08,-0.5,0.01,44.5,7.92
153,8.471281051635742,794.5745097276124,26.46875,28.0078125,42.263671875,885.1657104492188,0.01,44.5,7.93,-0.5,77.34,84.07,-0.5,77.34,84.06,-0.5,0.01,44.5,7.94
154,8.524015426635742,794.9519858877499,26.46875,28.005859375,42.26171875,868.0408325195312,0.01,44.5,7.95,-0.5,77.34,84.06,-0.5,77.34,84.06,-0.5,0.01,44.5,7.95
155,8.575704574584961,794.732778295768,26.46875,28.00390625,42.2578125,877.2235107421875,0.01,44.5,7.95,-0.5,77.34,84.05,-0.5,77.34,84.04,-0.5,0.01,44.5,7.96
156,8.6296067237854,794.732778295768,26.465625762939453,28.0,42.251953125,877.9776000976562,0.01,44.5,7.97,-0.5,77.34,84.03,-0.5,77.34,84.02,-0.5,0.01,44.5,7.98
157,8.683788537979126,795.0878868863566,26.465625762939453,27.998046875,42.248046875,881.796630859375,0.01,44.5,7.99,-0.5,77.34,84.02,-0.5,77.34,84.01,-0.5,0.01,44.5,7.99
158,8.738823175430298,794.6535575711802,26.462499618530273,28.001953125,42.25390625,880.2763671875,0.01,44.5,8.0,-0.5,77.34,84.0,-0.5,77.34,83.99,-0.5,0.01,44.5,8.01
159,8.791741609573364,794.6535575711802,26.462499618530273,28.001953125,42.255859375,874.1585693359375,0.01,44.5,8.02,-0.5,77.34,83.98,-0.5,77.34,83.98,-0.5,0.01,44.5,8.03
160,8.846248626708984,801.7254603117137,26.459375381469727,28.005859375,42.259765625,887.5738525390625,0.01,44.5,8.03,-0.5,77.34,83.97,-0.5,77.34,83.96,-0.5,0.01,44.5,8.04
161,8.900540828704834,801.7254603117137,26.45625114440918,28.0078125,42.26171875,878.001953125,0.01,44.5,8.05,-0.5,77.34,83.95,-0.5,77.34,83.94,-0.5,0.01,44.5,8.06
162,8.955821752548218,794.522248776768,26.45625114440918,28.0078125,42.26171875,879.8263549804688,0.01,44.5,8.07,-0.5,77.34,83.94,-0.5,77.34,83.93,-0.5,0.01,44.5,8.07
163,9.011068105697632,797.2450582924619,26.453125,28.005859375,42.259765625,876.1654052734375,0.01,44.5,8.08,-0.5,77.34,83.92,-0.5,77.34,83.91,-0.5,0.01,44.5,8.09
164,9.065258502960205,797.2450582924619,26.453125,28.005859375,42.255859375,874.6572265625,0.01,44.5,8.1,-0.5,77.34,83.9,-0.5,77.34,83.9,-0.5,0.01,44.5,8.1
165,9.117887020111084,794.7542578743805,26.450000762939453,28.0,42.25,882.9155883789062,0.01,44.5,8.11,-0.5,77.34,83.89,-0.5,77.34,83.88,-0.5,0.01,44.5,8.12
166,9.169894933700562,794.7542578743805,26.450000762939453,28.0,42.248046875,875.0829467773438,0.01,44.5,8.13,-0.5,77.34,83.87,-0.5,77.34,83.87,-0.5,0.01,44.5,8.13
167,9.229601621627808,794.738875727075,26.446874618530273,27.99609375,42.2421875,878.0384521484375,0.01,44.5,8.15,-0.5,77.34,83.86,-0.5,77.34,83.85,-0.5,0.01,44.5,8.15
168,9.286819458007812,794.1727633141284,26.443750381469727,27.998046875,42.244140625,871.0084838867188,0.01,44.5,8.16,-0.5,77.34,83.84,-0.5,77.34,83.83,-0.5,0.01,44.5,8.17
169,9.345328092575073,794.1727633141284,26.443750381469727,28.0,42.24609375,868.51513671875,0.01,44.5,8.18,-0.5,77.34,83.82,-0.5,77.34,83.82,-0.5,0.01,44.5,8.18
170,9.404254913330078,793.8449563122535,26.44062614440918,28.00390625,42.25390625,872.334228515625,0.01,44.5,8.19,-0.5,77.34,83.81,-0.5,77.34,83.8,-0.5,0.01,44.5,8.2
171,9.456871271133423,793.331278508495,26.44062614440918,28.00390625,42.25390625,884.0831909179688,0.01,44.5,8.21,-0.5,77.34,83.79,-0.5,77.34,83.79,-0.5,0.01,44.5,8.21
172,9.511664867401123,793.331278508495,26.44062614440918,28.0078125,42.259765625,880.9574584960938,0.01,44.5,8.23,-0.5,77.34,83.78,-0.5,77.34,83.77,-0.5,0.01,44.5,8.23
173,9.564687013626099,793.7818953205283,26.4375,28.0078125,42.259765625,877.406005859375,0.01,44.5,8.24,-0.5,77.34,83.76,-0.5,77.34,83.75,-0.5,0.01,44.5,8.25
174,9.619250774383545,793.8019937672185,26.4375,28.001953125,42.25,878.6100463867188,0.01,44.5,8.25,-0.5,77.34,83.75,-0.5,77.34,83.74,-0.5,0.01,44.5,8.26
175,9.672430276870728,793.8019937672185,26.434375762939453,28.0,42.248046875,882.2953491210938,0.01,44.5,8.27,-0.5,77.34,83.74,-0.5,77.34,83.72,-0.5,0.01,44.5,8.28
176,9.727185487747192,794.167206141585,26.434375762939453,27.994140625,42.23828125,876.7127075195312,0.01,44.5,8.28,-0.5,77.34,83.72,-0.5,77.34,83.71,-0.5,0.01,44.5,8.29
177,9.78147006034851,793.8508179818759,26.434375762939453,27.994140625,42.240234375,882.0885620117188,0.01,44.5,8.3,-0.5,77.34,83.7,-0.5,77.34,83.7,-0.5,0.01,44.5,8.31
178,9.836273431777954,793.8508179818759,26.431249618530273,27.99609375,42.240234375,869.1962890625,0.01,44.5,8.32,-0.5,77.34,83.68,-0.5,77.34,83.68,-0.5,0.01,44.5,8.32
179,9.890142679214478,794.306998206767,26.428125381469727,27.99609375,42.2421875,867.4813232421875,0.01,44.5,8.33,-0.5,77.34,83.67,-0.5,77.34,83.66,-0.5,0.01,44.5,8.34
180,9.949464797973633,793.9284623924381,26.428125381469727,28.0,42.248046875,870.2908935546875,0.01,44.5,8.35,-0.5,77.34,83.66,-0.5,77.34,83.65,-0.5,0.01,44.5,8.35
181,10.003822565078735,793.9284623924381,26.428125381469727,28.005859375,42.255859375,877.004638671875,0.01,44.5,8.36,-0.5,77.34,83.64,-0.5,77.34,83.63,-0.5,0.01,44.5,8.37
182,10.060788869857788,793.6691611792243,26.42500114440918,28.005859375,42.2578125,880.2885131835938,0.01,44.5,8.39,-0.5,77.34,83.62,-0.5,77.34,83.61,-0.5,0.01,44.5,8.39
183,10.119211673736572,793.6691611792243,26.421875,28.005859375,42.255859375,879.7168579101562,0.01,44.5,8.4,-0.5,77.34,83.6,-0.5,77.35,83.6,-0.5,0.0,44.5,8.4
184,10.171142816543579,793.5107289150802,26.421875,28.001953125,42.248046875,876.0924072265625,0.0,44.5,8.41,-0.5,77.35,83.59,-0.5,77.35,83.58,-0.5,0.0,44.5,8.42
185,10.223437309265137,794.0837556019245,26.421875,28.0,42.244140625,861.375732421875,0.0,44.5,8.43,-0.5,77.35,83.58,-0.5,77.35,83.57,-0.5,0.0,44.5,8.43
186,10.278947830200195,794.0837556019245,26.418750762939453,27.99609375,42.23828125,880.5560913085938,0.0,44.5,8.44,-0.5,77.35,83.56,-0.5,77.35,83.55,-0.5,0.0,44.5,8.45
187,10.332409620285034,793.6848448769301,26.415624618530273,27.99609375,42.23828125,877.1505737304688,0.0,44.5,8.46,-0.5,77.35,83.54,-0.5,77.35,83.54,-0.5,0.0,44.5,8.47
188,10.38511037826538,793.1209755033532,26.415624618530273,27.99609375,42.23828125,877.7222290039062,0.0,44.5,8.47,-0.5,77.35,83.53,-0.5,77.35,83.52,-0.5,0.0,44.5,8.48
189,10.438522100448608,793.1209755033532,26.415624618530273,27.99609375,42.23828125,868.2111206054688,0.0,44.5,8.49,-0.5,77.35,83.51,-0.5,77.35,83.5,-0.5,0.0,44.5,8.5
190,10.492400884628296,793.0608333214943,26.412500381469727,27.998046875,42.240234375,895.1389770507812,0.0,44.5,8.5,-0.5,77.35,83.5,-0.5,77.35,83.49,-0.5,0.0,44.5,8.51
191,10.544712543487549,793.8534769903263,26.412500381469727,28.001953125,42.244140625,877.0775756835938,0.0,44.5,8.52,-0.5,77.35,83.48,-0.5,77.35,83.47,-0.5,0.0,44.5,8.53
192,10.60032343864441,793.8534769903263,26.412500381469727,28.00390625,42.248046875,879.534423828125,0.0,44.5,8.54,-0.5,77.35,83.46,-0.5,77.35,83.46,-0.5,0.0,44.5,8.55
193,10.652479648590088,793.1358793148264,26.40937614440918,28.00390625,42.248046875,883.60888671875,0.0,44.5,8.55,-0.5,77.35,83.45,-0.5,77.35,83.45,-0.5,0.0,44.5,8.55
194,10.707056522369385,793.185216630709,26.40937614440918,28.001953125,42.24609375,871.9692993164062,0.0,44.5,8.56,-0.5,77.35,83.44,-0.5,77.35,83.43,-0.5,0.0,44.5,8.57
195,10.761180400848389,793.185216630709,26.40937614440918,28.001953125,42.24609375,867.2259521484375,0.0,44.5,8.58,-0.5,77.35,83.42,-0.5,77.35,83.41,-0.5,0.0,44.5,8.59
196,10.817913055419922,793.0211080600162,26.40625,27.998046875,42.240234375,872.2125854492188,0.0,44.5,8.6,-0.5,77.35,83.4,-0.5,77.35,83.4,-0.5,0.0,44.5,8.6
197,10.872865676879883,792.7888850710411,26.40625,27.9921875,42.232421875,883.1102294921875,0.0,44.5,8.62,-0.5,77.35,83.38,-0.5,77.35,83.38,-0.5,0.0,44.5,8.63
198,10.932594060897827,792.7888850710411,26.40625,27.99609375,42.236328125,867.0070190429688,0.0,44.5,8.63,-0.5,77.35,83.37,-0.5,77.35,83.37,-0.5,0.0,44.5,8.63
199,10.98741102218628,793.1424104691565,26.403125762939453,27.99609375,42.234375,866.1434326171875,0.0,44.5,8.65,-0.5,77.35,83.35,-0.5,77.35,83.35,-0.5,0.0,44.5,8.65
200,11.040051698684692,791.9993845394108,26.399999618530273,27.998046875,42.23828125,872.6139526367188,0.0,44.5,8.66,-0.5,77.35,83.34,-0.5,77.35,83.34,-0.5,0.0,44.5,8.67
201,11.09414792060852,791.9993845394108,26.399999618530273,28.0,42.2421875,879.668212890625,0.01,44.5,8.67,-0.5,77.35,83.33,-0.5,77.35,83.32,-0.5,0.01,44.5,8.68
202,11.149513006210327,787.2414798926819,26.399999618530273,28.00390625,42.24609375,872.6260986328125,0.01,44.5,8.69,-0.5,77.35,83.31,-0.5,77.35,83.3,-0.5,0.01,44.5,8.7
203,11.205273151397705,787.2414798926819,26.396875381469727,28.00390625,42.248046875,877.7465209960938,0.01,44.5,8.71,-0.5,77.35,83.29,-0.5,77.35,83.29,-0.5,0.01,44.5,8.71
204,11.258910179138184,793.967229971407,26.396875381469727,28.005859375,42.25,878.8533325195312,0.01,44.5,8.72,-0.5,77.35,83.28,-0.5,77.35,83.27,-0.5,0.01,44.5,8.73
205,11.3145592212677,792.1153262484244,26.396875381469727,28.001953125,42.244140625,888.5711669921875,0.01,44.5,8.74,-0.5,77.35,83.26,-0.5,77.35,83.26,-0.5,0.01,44.5,8.75
206,11.36800503730774,792.1153262484244,26.39375114440918,27.998046875,42.23828125,874.1220703125,0.01,44.5,8.75,-0.5,77.35,83.25,-0.5,77.35,83.24,-0.5,0.01,44.5,8.76
207,11.424237489700317,792.3688406616528,26.39375114440918,27.99609375,42.236328125,867.2259521484375,0.01,44.5,8.77,-0.5,77.35,83.23,-0.5,77.35,83.22,-0.5,0.01,44.5,8.78
208,11.481220483779907,798.7296262393888,26.39375114440918,27.994140625,42.234375,870.7652587890625,0.01,44.5,8.79,-0.5,77.35,83.22,-0.5,77.35,83.21,-0.5,0.01,44.5,8.79
209,11.533361434936523,798.7296262393888,26.390625,27.998046875,42.23828125,888.4495849609375,0.01,44.5,8.8,-0.5,77.35,83.2,-0.5,77.35,83.19,-0.5,0.01,44.5,8.81
210,11.589274883270264,797.6529501955545,26.390625,28.0,42.2421875,886.1021728515625,0.01,44.5,8.82,-0.5,77.35,83.18,-0.5,77.35,83.18,-0.5,0.01,44.5,8.83
211,11.643138647079468,797.6529501955545,26.387500762939453,28.00390625,42.248046875,879.3641357421875,0.01,44.5,8.83,-0.5,77.35,83.17,-0.5,77.35,83.16,-0.5,0.01,44.5,8.84
212,11.698460817337036,791.5289012042218,26.387500762939453,28.005859375,42.25,873.98828125,0.01,44.5,8.85,-0.5,77.35,83.15,-0.5,77.35,83.14,-0.5,0.01,44.5,8.86
213,11.751749992370605,791.9775475154986,26.387500762939453,28.0078125,42.25390625,910.366455078125,0.01,44.5,8.87,-0.5,77.35,83.14,-0.5,77.35,83.13,-0.5,0.01,44.5,8.87
214,11.806180000305176,791.9775475154986,26.387500762939453,28.009765625,42.255859375,875.7153930664062,0.01,44.5,8.88,-0.5,77.35,83.12,-0.5,77.35,83.12,-0.5,0.01,44.5,8.88
215,11.864810705184937,791.8329211339459,26.384374618530273,28.005859375,42.25,878.001953125,0.01,44.5,8.9,-0.5,77.35,83.1,-0.5,77.35,83.1,-0.5,0.01,44.5,8.9
216,11.92170763015747,791.8329211339459,26.384374618530273,28.00390625,42.248046875,878.0384521484375,0.01,44.5,8.91,-0.5,77.35,83.09,-0.5,77.35,83.08,-0.5,0.01,44.5,8.92
217,11.974319458007812,798.0498290568271,26.384374618530273,27.998046875,42.240234375,871.3125610351562,0.01,44.5,8.93,-0.5,77.35,83.07,-0.5,77.35,83.06,-0.5,0.01,44.5,8.94
218,12.027912616729736,799.2173896224926,26.384374618530273,27.9921875,42.232421875,864.6961059570312,0.01,44.5,8.95,-0.5,77.35,83.06,-0.5,77.35,83.05,-0.5,0.01,44.5,8.95
219,12.080419778823853,799.2173896224926,26.381250381469727,27.994140625,42.232421875,873.6720581054688,0.01,44.5,8.95,-0.5,77.35,83.05,-0.5,77.35,83.04,-0.5,0.01,44.5,8.96
220,12.136448860168457,792.1473382471603,26.381250381469727,28.0,42.240234375,875.6058959960938,0.01,44.5,8.97,-0.5,77.35,83.03,-0.5,77.35,83.02,-0.5,0.01,44.5,8.98
221,12.190720558166504,792.1473382471603,26.381250381469727,28.00390625,42.244140625,875.6788940429688,0.01,44.5,8.99,-0.5,77.35,83.01,-0.5,77.35,83.01,-0.5,0.01,44.5,8.99
222,12.24707841873169,796.2493521978997,26.37812614440918,28.00390625,42.248046875,888.5590209960938,0.01,44.5,9.01,-0.5,77.35,82.99,-0.5,77.35,82.99,-0.5,0.01,44.5,9.01
223,12.306359052658081,791.5011421661043,26.37812614440918,28.005859375,42.248046875,874.4991455078125,0.01,44.5,9.02,-0.5,77.35,82.98,-0.5,77.35,82.98,-0.5,0.01,44.5,9.03
224,12.359991073608398,791.5011421661043,26.37812614440918,28.0078125,42.251953125,864.8056030273438,0.01,44.5,9.03,-0.5,77.35,82.97,-0.5,77.35,82.96,-0.5,0.01,44.5,9.04
225,12.417016744613647,791.4316371944232,26.375,28.00390625,42.24609375,890.3712768554688,0.01,44.5,9.05,-0.5,77.35,82.95,-0.5,77.35,82.94,-0.5,0.01,44.5,9.06
226,12.471884965896606,791.0714166840002,26.375,28.0,42.240234375,890.2252807617188,0.01,44.5,9.07,-0.5,77.35,82.93,-0.5,77.36,82.92,-0.5,0.0,44.5,9.08
227,12.526995182037354,791.0714166840002,26.371875762939453,27.998046875,42.236328125,876.2140502929688,0.0,44.5,9.09,-0.5,77.36,82.91,-0.5,77.36,82.91,-0.5,0.0,44.5,9.09
228,12.580937623977661,790.8933996815762,26.371875762939453,27.9921875,42.228515625,884.8494262695312,0.0,44.5,9.11,-0.5,77.36,82.9,-0.5,77.36,82.89,-0.5,0.0,44.5,9.11
229,12.637732744216919,790.8933996815762,26.371875762939453,27.994140625,42.23046875,871.4219970703125,0.0,44.5,9.11,-0.5,77.36,82.89,-0.5,77.36,82.88,-0.5,0.0,44.5,9.12
230,12.690855979919434,791.1353072795256,26.371875762939453,27.998046875,42.236328125,887.4400634765625,0.0,44.5,9.13,-0.5,77.36,82.87,-0.5,77.36,82.86,-0.5,0.0,44.5,9.14
231,12.746177434921265,793.513853802049,26.371875762939453,28.001953125,42.2421875,880.8479614257812,0.0,44.5,9.15,-0.5,77.36,82.86,-0.5,77.36,82.85,-0.5,0.0,44.5,9.15
232,12.800956010818481,793.513853802049,26.371875762939453,28.005859375,42.248046875,877.734375,0.0,44.5,9.16,-0.5,77.36,82.84,-0.5,77.36,82.83,-0.5,0.0,44.5,9.17
233,12.854625225067139,790.8883965561689,26.368749618530273,28.005859375,42.248046875,872.93017578125,0.0,44.5,9.18,-0.5,77.36,82.82,-0.5,77.36,82.82,-0.5,0.0,44.5,9.19
234,12.907782554626465,790.8544425443912,26.368749618530273,28.005859375,42.25,879.0357666015625,0.0,44.5,9.19,-0.5,77.36,82.81,-0.5,77.36,82.8,-0.5,0.0,44.5,9.2
235,12.960885286331177,790.5865193624207,26.365625381469727,28.005859375,42.248046875,873.9761352539062,0.0,44.5,9.21,-0.5,77.36,82.79,-0.5,77.36,82.78,-0.5,0.0,44.5,9.22
236,13.016603946685791,790.5865193624207,26.365625381469727,28.001953125,42.2421875,876.5181274414062,0.0,44.5,9.22,-0.5,77.36,82.78,-0.5,77.36,82.77,-0.5,0.0,44.5,9.23
237,13.070247173309326,790.7148902358277,26.365625381469727,27.998046875,42.23828125,864.3677368164062,0.0,44.5,9.24,-0.5,77.36,82.76,-0.5,77.36,82.75,-0.5,0.0,44.5,9.25
238,13.125040054321289,790.7148902358277,26.36250114440918,27.99609375,42.234375,879.8263549804688,0.0,44.5,9.26,-0.5,77.36,82.74,-0.5,77.36,82.74,-0.5,0.0,44.5,9.27
239,13.182542085647583,790.1669521348841,26.36250114440918,27.994140625,42.23046875,910.7191772460938,0.0,44.5,9.27,-0.5,77.36,82.73,-0.5,77.36,82.72,-0.5,0.0,44.5,9.28
240,13.236239910125732,791.5069262535741,26.36250114440918,28.0,42.23828125,872.3706665039062,0.0,44.5,9.29,-0.5,77.36,82.71,-0.5,77.36,82.7,-0.5,0.0,44.5,9.3
241,13.289557456970215,791.5069262535741,26.359375,27.998046875,42.240234375,872.4315185546875,0.0,44.5,9.3,-0.5,77.36,82.7,-0.5,77.36,82.69,-0.5,0.0,44.5,9.31
242,13.347007513046265,789.643545604068,26.359375,28.00390625,42.24609375,871.4098510742188,0.0,44.5,9.32,-0.5,77.36,82.68,-0.5,77.36,82.68,-0.5,0.0,44.5,9.32
243,13.400490283966064,789.643545604068,26.359375,28.0078125,42.251953125,872.3585205078125,0.0,44.5,9.34,-0.5,77.36,82.66,-0.5,77.36,82.66,-0.5,0.0,44.5,9.35
244,13.454109191894531,799.5929754533794,26.359375,28.0078125,42.25390625,873.1369018554688,0.0,44.5,9.35,-0.5,77.36,82.65,-0.5,77.36,82.64,-0.5,0.0,44.5,9.36
245,13.513921022415161,789.8358488996265,26.356250762939453,28.00390625,42.24609375,861.8379516601562,0.0,44.5,9.37,-0.5,77.36,82.63,-0.5,77.36,82.63,-0.5,0.0,44.5,9.37
246,13.568225622177124,789.8358488996265,26.356250762939453,28.001953125,42.244140625,863.4190673828125,0.0,44.5,9.38,-0.5,77.36,82.62,-0.5,77.36,82.61,-0.5,0.0,44.5,9.39
247,13.620412826538086,790.0020260455082,26.356250762939453,27.998046875,42.236328125,887.9144287109375,0.0,44.5,9.39,-0.5,77.36,82.61,-0.5,77.36,82.59,-0.5,0.0,44.5,9.41
248,13.675115585327148,785.5532924658052,26.356250762939453,27.998046875,42.23828125,880.0087890625,0.0,44.5,9.42,-0.5,77.36,82.58,-0.5,77.36,82.58,-0.5,0.0,44.5,9.43
249,13.728895425796509,785.5532924658052,26.356250762939453,27.994140625,42.23046875,882.879150390625,0.0,44.5,9.43,-0.5,77.36,82.58,-0.5,77.36,82.57,-0.5,0.0,44.5,9.43
250,13.783627271652222,789.6085752480728,26.353124618530273,27.99609375,42.234375,872.9423217773438,0.0,44.5,9.44,-0.5,77.36,82.56,-0.5,77.36,82.55,-0.5,0.0,44.5,9.45
251,13.836379528045654,788.9761770402306,26.353124618530273,28.0,42.2421875,868.8192138671875,0.0,44.5,9.46,-0.5,77.36,82.54,-0.5,77.36,82.54,-0.5,0.0,44.5,9.47
252,13.890025615692139,788.9761770402306,26.353124618530273,28.00390625,42.24609375,877.1627197265625,0.0,44.5,9.47,-0.5,77.36,82.53,-0.5,77.36,82.52,-0.5,0.0,44.5,9.48
253,13.945125341415405,787.8870306609755,26.353124618530273,28.0078125,42.251953125,884.3994140625,0.0,44.5,9.49,-0.5,77.36,82.51,-0.5,77.36,82.5,-0.5,0.0,44.5,9.5
254,14.004313945770264,787.8870306609755,26.350000381469727,28.0078125,42.25,870.4854736328125,0.0,44.5,9.5,-0.5,77.36,82.5,-0.5,77.36,82.51,-0.5,0.0,44.5,9.49
255,14.057037115097046,786.8224914903246,26.350000381469727,28.00390625,42.244140625,873.1126098632812,0.0,44.5,9.48,-0.5,77.36,82.52,-0.5,77.36,82.53,-0.5,0.0,44.5,9.47
256,14.116227149963379,788.9990015754254,26.350000381469727,27.998046875,42.236328125,874.8518676757812,0.0,44.5,9.47,-0.5,77.36,82.54,-0.5,77.36,82.54,-0.5,0.0,44.5,9.46
257,14.172462224960327,789.2145713899168,26.350000381469727,27.994140625,42.228515625,874.8883056640625,0.0,44.5,9.45,-0.5,77.36,82.55,-0.5,77.36,82.56,-0.5,0.0,44.5,9.44
258,14.229421854019165,789.2145713899168,26.34687614440918,27.99609375,42.232421875,871.1057739257812,0.0,44.5,9.43,-0.5,77.36,82.57,-0.5,77.36,82.58,-0.5,0.0,44.5,9.43
259,14.285888671875,789.3188175313315,26.34687614440918,28.0,42.240234375,868.11376953125,0.0,44.5,9.42,-0.5,77.36,82.58,-0.5,77.36,82.59,-0.5,0.0,44.5,9.41
260,14.338213682174683,789.1168913234915,26.34375,28.00390625,42.244140625,874.7423706054688,0.0,44.5,9.4,-0.5,77.36,82.6,-0.5,77.36,82.61,-0.5,0.0,44.5,9.39
261,14.39412522315979,789.1168913234915,26.34375,28.005859375,42.24609375,871.2882080078125,0.0,44.5,9.39,-0.5,77.36,82.62,-0.5,77.36,82.62,-0.5,0.0,44.5,9.38
262,14.448346614837646,789.0781046386969,26.34375,28.009765625,42.251953125,876.7127075195312,0.0,44.5,9.37,-0.5,77.36,82.63,-0.5,77.36,82.64,-0.5,0.0,44.5,9.36
263,14.503206729888916,789.0781046386969,26.34375,28.005859375,42.24609375,871.9815063476562,0.0,44.5,9.35,-0.5,77.36,82.65,-0.5,77.36,82.66,-0.5,0.0,44.5,9.35
264,14.556528329849243,790.0695784057639,26.34375,28.0,42.23828125,885.8589477539062,0.0,44.5,9.34,-0.5,77.36,82.66,-0.5,77.36,82.67,-0.5,0.0,44.5,9.33
265,14.612381219863892,789.4374641287018,26.34375,27.99609375,42.232421875,869.8895263671875,0.0,44.5,9.32,-0.5,77.36,82.68,-0.5,77.36,82.69,-0.5,0.0,44.5,9.31
266,14.670576333999634,789.4374641287018,26.34375,27.998046875,42.234375,874.9248046875,0.0,44.5,9.31,-0.5,77.36,82.7,-0.5,77.36,82.7,-0.5,0.0,44.5,9.3
267,14.723554611206055,789.6382999537245,26.34375,27.998046875,42.232421875,868.6732788085938,0.0,44.5,9.29,-0.5,77.36,82.71,-0.5,77.36,82.72,-0.5,0.0,44.5,9.28
268,14.782488822937012,790.3006664111722,26.340625762939453,27.998046875,42.234375,875.2775268554688,0.0,44.5,9.27,-0.5,77.36,82.73,-0.5,77.36,82.74,-0.5,0.0,44.5,9.27
269,14.843151092529297,790.3362867420575,26.340625762939453,28.001953125,42.240234375,875.4356689453125,0.0,44.5,9.26,-0.5,77.36,82.74,-0.5,77.36,82.75,-0.5,0.0,44.5,9.25
270,14.898398876190186,790.3362867420575,26.337499618530273,28.001953125,42.240234375,879.1574096679688,0.0,44.5,9.24,-0.5,77.36,82.76,-0.5,77.36,82.77,-0.5,0.0,44.5,9.23
271,14.955041646957397,790.3021196283815,26.337499618530273,28.00390625,42.2421875,878.79248046875,0.0,44.5,9.23,-0.5,77.36,82.77,-0.5,77.36,82.78,-0.5,0.0,44.5,9.22
272,15.011720418930054,790.3021196283815,26.337499618530273,28.009765625,42.25,878.001953125,0.0,44.5,9.21,-0.5,77.36,82.79,-0.5,77.36,82.8,-0.5,0.0,44.5,9.2
273,15.069969177246094,788.3002541545175,26.334375381469727,28.001953125,42.244140625,868.186767578125,0.0,44.5,9.19,-0.5,77.36,82.81,-0.5,77.36,82.82,-0.5,0.0,44.5,9.19
274,15.122958421707153,788.3002541545175,26.334375381469727,28.001953125,42.23828125,868.855712890625,0.0,44.5,9.18,-0.5,77.36,82.82,-0.5,77.36,82.83,-0.5,0.0,44.5,9.17
275,15.176990270614624,792.903549748858,26.334375381469727,28.0,42.236328125,876.4208374023438,0.0,44.5,9.16,-0.5,77.36,82.84,-0.5,77.36,82.85,-0.5,0.0,44.5,9.15
276,15.235734224319458,790.8127977574554,26.334375381469727,27.99609375,42.228515625,875.3140258789062,0.0,44.5,9.15,-0.5,77.36,82.86,-0.5,77.36,82.86,-0.5,0.0,44.5,9.14
277,15.291224241256714,791.1986965855351,26.33125114440918,27.99609375,42.228515625,891.6240234375,0.0,44.5,9.13,-0.5,77.36,82.87,-0.5,77.36,82.88,-0.5,0.0,44.5,9.12
278,15.34723949432373,791.1986965855351,26.33125114440918,27.998046875,42.23046875,865.8150634765625,0.0,44.5,9.11,-0.5,77.36,82.89,-0.5,77.36,82.9,-0.5,0.0,44.5,9.11
279,15.403255701065063,791.1031004730995,26.33125114440918,28.0,42.234375,873.3193359375,0.0,44.5,9.1,-0.5,77.36,82.9,-0.5,77.36,82.91,-0.5,0.0,44.5,9.09
280,15.459108591079712,791.6147736414977,26.33125114440918,28.00390625,42.240234375,863.3095703125,0.0,44.5,9.08,-0.5,77.36,82.92,-0.5,77.36,82.93,-0.5,0.0,44.5,9.07
281,15.5148024559021,791.6147736414977,26.33125114440918,28.005859375,42.244140625,882.6602172851562,0.0,44.5,9.07,-0.5,77.36,82.94,-0.5,77.36,82.94,-0.5,0.0,44.5,9.06
282,15.570720911026001,805.8603406046062,26.328125,28.0078125,42.244140625,870.2908935546875,0.0,44.5,9.04,-0.5,77.36,82.96,-0.5,77.35,82.96,-0.5,0.01,44.5,9.04
283,15.627395629882812,790.9446785848058,26.328125,28.005859375,42.240234375,877.539794921875,0.01,44.5,9.03,-0.5,77.35,82.97,-0.5,77.35,82.98,-0.5,0.01,44.5,9.03
284,15.684663534164429,790.9446785848058,26.328125,28.0,42.234375,874.2437133789062,0.01,44.5,9.02,-0.5,77.35,82.98,-0.5,77.35,82.99,-0.5,0.01,44.5,9.01
285,15.748943567276001,791.3237840521431,26.328125,28.0,42.234375,872.066650390625,0.01,44.5,9.0,-0.5,77.35,83.0,-0.5,77.35,83.01,-0.5,0.01,44.5,8.99
286,15.806164503097534,791.2881890668345,26.328125,27.994140625,42.2265625,893.6551513671875,0.01,44.5,8.98,-0.5,77.35,83.02,-0.5,77.35,83.03,-0.5,0.01,44.5,8.97
287,15.859619140625,791.2881890668345,26.328125,27.99609375,42.228515625,879.46142578125,0.01,44.5,8.97,-0.5,77.35,83.03,-0.5,77.35,83.04,-0.5,0.01,44.5,8.96
288,15.917861700057983,791.0034230028438,26.328125,27.998046875,42.23046875,869.123291015625,0.01,44.5,8.95,-0.5,77.35,83.05,-0.5,77.35,83.06,-0.5,0.01,44.5,8.95
289,15.974659204483032,791.2200353948433,26.325000762939453,27.998046875,42.232421875,882.1858520507812,0.01,44.5,8.94,-0.5,77.35,83.06,-0.5,77.35,83.08,-0.5,0.01,44.5,8.92
290,16.030731439590454,791.2200353948433,26.325000762939453,28.001953125,42.23828125,876.4451293945312,0.01,44.5,8.92,-0.5,77.35,83.08,-0.5,77.35,83.09,-0.5,0.01,44.5,8.91
291,16.086248874664307,790.8106883367409,26.325000762939453,28.005859375,42.2421875,868.4664916992188,0.01,44.5,8.9,-0.5,77.35,83.1,-0.5,77.35,83.11,-0.5,0.01,44.5,8.89
292,16.139760971069336,791.8417681945155,26.325000762939453,28.0078125,42.24609375,876.5059814453125,0.01,44.5,8.89,-0.5,77.35,83.11,-0.5,77.35,83.12,-0.5,0.01,44.5,8.88
293,16.193607091903687,791.8417681945155,26.325000762939453,28.005859375,42.2421875,907.90966796875,0.01,44.5,8.87,-0.5,77.35,83.13,-0.5,77.35,83.14,-0.5,0.01,44.5,8.87
294,16.250741720199585,791.8744312703727,26.321874618530273,28.0,42.234375,866.6664428710938,0.01,44.5,8.85,-0.5,77.35,83.15,-0.5,77.35,83.15,-0.5,0.01,44.5,8.85
295,16.30984091758728,791.954206063312,26.321874618530273,28.0,42.232421875,889.5198974609375,0.01,44.5,8.84,-0.5,77.35,83.16,-0.5,77.35,83.18,-0.5,0.01,44.5,8.83
296,16.364555597305298,791.954206063312,26.321874618530273,27.998046875,42.228515625,876.2261962890625,0.01,44.5,8.82,-0.5,77.35,83.18,-0.5,77.35,83.18,-0.5,0.01,44.5,8.82
297,16.418588638305664,792.5348977395097,26.321874618530273,27.99609375,42.228515625,868.7462768554688,0.01,44.5,8.81,-0.5,77.35,83.19,-0.5,77.35,83.2,-0.5,0.01,44.5,8.8
298,16.475847244262695,792.1531454994641,26.321874618530273,27.99609375,42.228515625,876.0194702148438,0.01,44.5,8.79,-0.5,77.35,83.21,-0.5,77.35,83.22,-0.5,0.01,44.5,8.79
299,16.531611680984497,792.1531454994641,26.321874618530273,28.0,42.234375,870.6071166992188,0.01,44.5,8.78,-0.5,77.35,83.22,-0.5,77.35,83.23,-0.5,0.01,44.5,8.77
300,16.591286659240723,792.0457763181972,26.318750381469727,28.005859375,42.240234375,877.795166015625,0.01,44.5,8.75,-0.5,77.35,83.25,-0.5,77.35,83.25,-0.5,0.01,44.5,8.75
301,16.647000312805176,792.2430348139027,26.318750381469727,28.0078125,42.2421875,893.0592041015625,0.01,44.5,8.74,-0.5,77.35,83.26,-0.5,77.35,83.26,-0.5,0.01,44.5,8.74
302,16.702260494232178,792.2430348139027,26.31562614440918,28.0078125,42.240234375,888.01171875,0.01,44.5,8.73,-0.5,77.35,83.27,-0.5,77.35,83.28,-0.5,0.01,44.5,8.72
303,16.7550950050354,792.2518194009045,26.31562614440918,28.00390625,42.240234375,867.8948974609375,0.01,44.5,8.71,-0.5,77.35,83.29,-0.5,77.35,83.3,-0.5,0.01,44.5,8.71
304,16.80818772315979,792.385879898267,26.31562614440918,28.001953125,42.234375,873.2342529296875,0.01,44.5,8.7,-0.5,77.35,83.3,-0.5,77.35,83.31,-0.5,0.01,44.5,8.69
305,16.866811752319336,792.385879898267,26.31562614440918,27.998046875,42.23046875,879.6560668945312,0.01,44.5,8.68,-0.5,77.35,83.32,-0.5,77.35,83.33,-0.5,0.01,44.5,8.67
306,16.923689365386963,792.4970361798388,26.31562614440918,27.994140625,42.22265625,883.4507446289062,0.0,44.5,8.66,-0.5,77.35,83.34,-0.5,77.35,83.34,-0.5,0.0,44.5,8.66
307,16.978306531906128,792.1239871662777,26.31562614440918,27.9921875,42.21875,884.5697021484375,0.0,44.5,8.64,-0.5,77.35,83.36,-0.5,77.35,83.36,-0.5,0.0,44.5,8.64
308,17.03255605697632,792.3118213086964,26.31562614440918,27.994140625,42.220703125,883.74267578125,0.0,44.5,8.63,-0.5,77.35,83.37,-0.5,77.35,83.38,-0.5,0.0,44.5,8.63
309,17.087305545806885,792.3118213086964,26.31562614440918,27.998046875,42.228515625,865.6326293945312,0.0,44.5,8.62,-0.5,77.35,83.38,-0.5,77.35,83.39,-0.5,0.0,44.5,8.61
310,17.142138719558716,792.2208156586846,26.31562614440918,28.001953125,42.232421875,879.8871459960938,0.0,44.5,8.6,-0.5,77.35,83.4,-0.5,77.35,83.41,-0.5,0.0,44.5,8.59
311,17.20009207725525,792.3067154289124,26.3125,28.009765625,42.244140625,890.9307250976562,0.0,44.5,8.59,-0.5,77.35,83.42,-0.5,77.35,83.42,-0.5,0.0,44.5,8.58
312,17.259437322616577,792.3067154289124,26.3125,28.0078125,42.240234375,868.8313598632812,0.0,44.5,8.57,-0.5,77.35,83.43,-0.5,77.35,83.44,-0.5,0.0,44.5,8.56
313,17.318058729171753,792.8013019938197,26.3125,28.00390625,42.23828125,868.6611328125,0.0,44.5,8.55,-0.5,77.35,83.46,-0.5,77.35,83.46,-0.5,0.0,44.5,8.55
314,17.37230610847473,792.765646537253,26.309375762939453,28.001953125,42.232421875,872.1639404296875,0.0,44.5,8.54,-0.5,77.35,83.46,-0.5,77.35,83.47,-0.5,0.0,44.5,8.53
315,17.433100938796997,792.765646537253,26.309375762939453,27.998046875,42.2265625,882.8182983398438,0.0,44.5,8.52,-0.5,77.35,83.48,-0.5,77.35,83.49,-0.5,0.0,44.5,8.51
316,17.490991353988647,794.475109144461,26.309375762939453,27.99609375,42.224609375,876.7734985351562,0.0,44.5,8.5,-0.5,77.35,83.5,-0.5,77.35,83.51,-0.5,0.0,44.5,8.49
317,17.54514980316162,787.0778999125513,26.309375762939453,27.994140625,42.220703125,874.8153686523438,0.0,44.5,8.48,-0.5,77.35,83.52,-0.5,77.35,83.53,-0.5,0.0,44.5,8.47
318,17.598620414733887,787.0778999125513,26.309375762939453,27.99609375,42.224609375,874.4991455078125,0.0,44.5,8.47,-0.5,77.35,83.54,-0.5,77.35,83.54,-0.5,0.0,44.5,8.47
319,17.65440058708191,793.4145934281541,26.309375762939453,28.0,42.228515625,880.142578125,0.0,44.5,8.45,-0.5,77.35,83.55,-0.5,77.35,83.56,-0.5,0.0,44.5,8.44
320,17.706865072250366,792.7742418114839,26.306249618530273,28.001953125,42.232421875,874.195068359375,0.0,44.5,8.43,-0.5,77.35,83.57,-0.5,77.35,83.57,-0.5,0.0,44.5,8.43
321,17.759315967559814,793.2126527060437,26.306249618530273,28.005859375,42.236328125,872.3463745117188,0.0,44.5,8.42,-0.5,77.35,83.58,-0.5,77.35,83.58,-0.5,0.0,44.5,8.42
322,17.815061569213867,793.2126527060437,26.306249618530273,28.005859375,42.23828125,877.1505737304688,0.0,44.5,8.41,-0.5,77.35,83.59,-0.5,77.35,83.6,-0.5,0.0,44.5,8.4
323,17.86917018890381,793.6621584076013,26.306249618530273,28.00390625,42.236328125,871.1787719726562,0.0,44.5,8.39,-0.5,77.35,83.61,-0.5,77.35,83.62,-0.5,0.0,44.5,8.39
324,17.924050331115723,793.6621584076013,26.303125381469727,28.00390625,42.234375,878.597900390625,0.0,44.5,8.38,-0.5,77.35,83.62,-0.5,77.35,83.63,-0.5,0.0,44.5,8.37
325,17.982328414916992,793.0399399198371,26.303125381469727,27.998046875,42.228515625,871.9692993164062,0.0,44.5,8.36,-0.5,77.35,83.64,-0.5,77.35,83.65,-0.5,0.0,44.5,8.35
326,18.03664493560791,793.6408729418342,26.303125381469727,27.99609375,42.224609375,868.7462768554688,0.01,44.5,8.35,-0.5,77.34,83.66,-0.5,77.34,83.66,-0.5,0.01,44.5,8.34
327,18.089758157730103,793.6408729418342,26.303125381469727,27.994140625,42.22265625,877.4910888671875,0.01,44.5,8.33,-0.5,77.34,83.67,-0.5,77.34,83.68,-0.5,0.01,44.5,8.32
328,18.14777374267578,797.0145072921384,26.303125381469727,27.99609375,42.22265625,872.7112426757812,0.01,44.5,8.31,-0.5,77.34,83.69,-0.5,77.34,83.7,-0.5,0.01,44.5,8.31
329,18.206692934036255,792.8030541093757,26.303125381469727,28.0,42.23046875,867.1773071289062,0.01,44.5,8.3,-0.5,77.34,83.7,-0.5,77.34,83.71,-0.5,0.01,44.5,8.29
330,18.260107040405273,794.1569726431244,26.30000114440918,28.00390625,42.234375,890.27392578125,0.01,44.5,8.28,-0.5,77.34,83.72,-0.5,77.34,83.73,-0.5,0.01,44.5,8.27
331,18.315590620040894,794.1569726431244,26.30000114440918,28.005859375,42.236328125,881.1155395507812,0.01,44.5,8.27,-0.5,77.34,83.74,-0.5,77.34,83.74,-0.5,0.01,44.5,8.26
332,18.369664192199707,794.1906313970495,26.30000114440918,28.005859375,42.23828125,881.4561157226562,0.01,44.5,8.25,-0.5,77.34,83.75,-0.5,77.34,83.76,-0.5,0.01,44.5,8.24
333,18.42716908454895,804.5324835320824,26.30000114440918,28.00390625,42.234375,879.7168579101562,0.01,44.5,8.23,-0.5,77.34,83.77,-0.5,77.34,83.78,-0.5,0.01,44.5,8.23
334,18.48002552986145,804.5324835320824,26.30000114440918,28.001953125,42.23046875,877.1627197265625,0.01,44.5,8.22,-0.5,77.34,83.78,-0.5,77.34,83.79,-0.5,0.01,44.5,8.21
335,18.534924268722534,793.7786828435708,26.30000114440918,28.0,42.228515625,886.3941040039062,0.01,44.5,8.2,-0.5,77.34,83.8,-0.5,77.34,83.81,-0.5,0.01,44.5,8.19
336,18.587824821472168,794.5367065872585,26.296875,27.99609375,42.22265625,883.8399658203125,0.01,44.5,8.19,-0.5,77.34,83.82,-0.5,77.34,83.82,-0.5,0.01,44.5,8.18
337,18.64213228225708,794.5367065872585,26.296875,27.994140625,42.216796875,865.2312622070312,0.01,44.5,8.17,-0.5,77.34,83.83,-0.5,77.34,83.84,-0.5,0.01,44.5,8.16
338,18.697792768478394,793.8031413728235,26.296875,27.9921875,42.216796875,878.3668212890625,0.01,44.5,8.15,-0.5,77.34,83.85,-0.5,77.34,83.86,-0.5,0.01,44.5,8.15
339,18.752859115600586,794.3294309652692,26.296875,27.99609375,42.22265625,875.7761840820312,0.01,44.5,8.15,-0.5,77.34,83.86,-0.5,77.34,83.87,-0.5,0.01,44.5,8.13
340,18.805858850479126,794.3294309652692,26.296875,28.0,42.228515625,875.07080078125,0.01,44.5,8.12,-0.5,77.34,83.88,-0.5,77.34,83.89,-0.5,0.01,44.5,8.11
341,18.860830545425415,794.1283994801436,26.296875,28.00390625,42.234375,874.8275146484375,0.01,44.5,8.11,-0.5,77.34,83.9,-0.5,77.34,83.9,-0.5,0.01,44.5,8.1
342,18.915501832962036,794.4397953942522,26.296875,28.00390625,42.236328125,889.9577026367188,0.01,44.5,8.09,-0.5,77.34,83.91,-0.5,77.34,83.91,-0.5,0.01,44.5,8.09
343,18.97352147102356,794.4397953942522,26.293750762939453,28.005859375,42.23828125,877.2357177734375,0.01,44.5,8.07,-0.5,77.34,83.93,-0.5,77.34,83.94,-0.5,0.01,44.5,8.07
344,19.027376413345337,794.4842933272523,26.293750762939453,28.00390625,42.234375,871.7139282226562,0.01,44.5,8.07,-0.5,77.34,83.94,-0.5,77.34,83.95,-0.5,0.01,44.5,8.05
345,19.081530809402466,794.0541091321431,26.293750762939453,27.998046875,42.2265625,879.1817016601562,0.01,44.5,8.04,-0.5,77.34,83.96,-0.5,77.34,83.96,-0.5,0.01,44.5,8.04
346,19.14017128944397,794.0541091321431,26.293750762939453,27.99609375,42.224609375,868.91650390625,0.01,44.5,8.03,-0.5,77.34,83.97,-0.5,77.34,83.98,-0.5,0.01,44.5,8.02
347,19.19544744491577,794.0715268741417,26.293750762939453,27.9921875,42.216796875,879.668212890625,0.01,44.5,8.01,-0.5,77.34,83.99,-0.5,77.34,83.99,-0.5,0.01,44.5,8.01
348,19.25312352180481,793.906511813848,26.293750762939453,27.9921875,42.21875,878.92626953125,0.01,44.5,8.0,-0.5,77.34,84.0,-0.5,77.34,84.02,-0.5,0.01,44.5,7.99
349,19.30709671974182,793.906511813848,26.293750762939453,27.99609375,42.22265625,874.80322265625,0.01,44.5,7.99,-0.5,77.34,84.02,-0.5,77.34,84.03,-0.5,0.01,44.5,7.97
350,19.360574960708618,794.3829026290779,26.290624618530273,28.0,42.2265625,872.9058227539062,0.01,44.5,7.97,-0.5,77.34,84.03,-0.5,77.34,84.04,-0.5,0.01,44.5,7.96
351,19.41417384147644,794.67738434428,26.290624618530273,28.001953125,42.228515625,887.281982421875,0.01,44.5,7.95,-0.5,77.34,84.05,-0.5,77.34,84.06,-0.5,0.01,44.5,7.94
352,19.468632459640503,794.67738434428,26.290624618530273,28.005859375,42.236328125,886.3211059570312,0.01,44.5,7.94,-0.5,77.34,84.06,-0.5,77.34,84.07,-0.5,0.01,44.5,7.93
353,19.520509481430054,794.5430346065841,26.287500381469727,28.00390625,42.232421875,882.5264282226562,0.01,44.5,7.92,-0.5,77.34,84.08,-0.5,77.34,84.09,-0.5,0.01,44.5,7.91
354,19.573513507843018,794.5712758026123,26.287500381469727,28.001953125,42.228515625,881.0912475585938,0.01,44.5,7.91,-0.5,77.34,84.1,-0.5,77.34,84.1,-0.5,0.01,44.5,7.9
355,19.62766981124878,794.5712758026123,26.287500381469727,27.998046875,42.22265625,889.9820556640625,0.01,44.5,7.89,-0.5,77.34,84.11,-0.5,77.34,84.12,-0.5,0.01,44.5,7.88
356,19.680887460708618,794.4382312791141,26.287500381469727,27.99609375,42.220703125,884.3872680664062,0.01,44.5,7.87,-0.5,77.34,84.13,-0.5,77.34,84.14,-0.5,0.01,44.5,7.87
357,19.736359119415283,794.9660803882595,26.287500381469727,27.994140625,42.21875,883.2440185546875,0.01,44.5,7.86,-0.5,77.34,84.14,-0.5,77.34,84.15,-0.5,0.01,44.5,7.85
358,19.792083263397217,794.9660803882595,26.287500381469727,27.99609375,42.21875,900.5391235351562,0.01,44.5,7.84,-0.5,77.34,84.16,-0.5,77.34,84.17,-0.5,0.01,44.5,7.83
359,19.84895658493042,794.9163033614057,26.287500381469727,27.998046875,42.220703125,876.9194946289062,0.01,44.5,7.83,-0.5,77.34,84.18,-0.5,77.34,84.18,-0.5,0.01,44.5,7.82
360,19.90513849258423,794.9163033614057,26.287500381469727,28.0,42.224609375,880.9939575195312,0.01,44.5,7.81,-0.5,77.34,84.19,-0.5,77.34,84.2,-0.5,0.01,44.5,7.8
361,19.96144676208496,794.9047485046043,26.287500381469727,28.001953125,42.23046875,880.7263793945312,0.01,44.5,7.79,-0.5,77.34,84.21,-0.5,77.34,84.22,-0.5,0.01,44.5,7.79
362,20.01971173286438,795.4335998294466,26.287500381469727,28.0078125,42.236328125,870.7044067382812,0.01,44.5,7.78,-0.5,77.34,84.22,-0.5,77.34,84.23,-0.5,0.01,44.5,7.77
363,20.07568645477295,795.1191543263506,26.287500381469727,28.005859375,42.234375,881.5899047851562,0.01,44.5,7.76,-0.5,77.34,84.24,-0.5,77.34,84.25,-0.5,0.0,44.5,7.75
364,20.127830505371094,795.1191543263506,26.28437614440918,28.005859375,42.232421875,887.744140625,0.0,44.5,7.75,-0.5,77.34,84.26,-0.5,77.34,84.26,-0.5,0.0,44.5,7.74
365,20.182658433914185,795.0587404714646,26.28437614440918,28.001953125,42.2265625,875.3140258789062,0.0,44.5,7.73,-0.5,77.34,84.27,-0.5,77.34,84.28,-0.5,0.0,44.5,7.72
366,20.23718285560608,795.0587404714646,26.28437614440918,27.998046875,42.22265625,891.1739501953125,0.0,44.5,7.71,-0.5,77.34,84.29,-0.5,77.34,84.3,-0.5,0.0,44.5,7.71
367,20.29123091697693,795.5565998179202,26.28125,27.998046875,42.22265625,866.593505859375,0.0,44.5,7.7,-0.5,77.34,84.3,-0.5,77.34,84.31,-0.5,0.0,44.5,7.69
368,20.348140001296997,798.2147678429707,26.28125,27.994140625,42.21875,895.7349243164062,0.0,44.5,7.68,-0.5,77.34,84.32,-0.5,77.34,84.33,-0.5,0.0,44.5,7.67
369,20.40517807006836,798.2147678429707,26.28125,28.0,42.224609375,883.20751953125,0.0,44.5,7.67,-0.5,77.34,84.33,-0.5,77.34,84.34,-0.5,0.0,44.5,7.67
370,20.4646213054657,795.7211680143606,26.28125,28.001953125,42.2265625,880.5803833007812,0.0,44.5,7.65,-0.5,77.34,84.35,-0.5,77.34,84.36,-0.5,0.0,44.5,7.64
371,20.52204728126526,795.0836348182493,26.28125,28.001953125,42.2265625,883.6210327148438,0.0,44.5,7.63,-0.5,77.34,84.37,-0.5,77.34,84.38,-0.5,0.0,44.5,7.63
372,20.577840566635132,791.0759822734049,26.28125,28.005859375,42.234375,880.2885131835938,0.0,44.5,7.62,-0.5,77.34,84.38,-0.5,77.34,84.39,-0.5,0.0,44.5,7.61
373,20.63304376602173,791.0759822734049,26.28125,28.005859375,42.236328125,873.9031372070312,0.0,44.5,7.6,-0.5,77.34,84.4,-0.5,77.34,84.41,-0.5,0.0,44.5,7.59
374,20.68740725517273,804.0851670669965,26.278125762939453,28.005859375,42.234375,876.1167602539062,0.0,44.5,7.59,-0.5,77.34,84.42,-0.5,77.34,84.42,-0.5,0.0,44.5,7.58
375,20.742979288101196,804.0851670669965,26.278125762939453,28.0,42.224609375,883.1953735351562,0.0,44.5,7.57,-0.5,77.34,84.43,-0.5,77.34,84.44,-0.5,0.0,44.5,7.56
376,20.795932054519653,795.8010731498604,26.278125762939453,27.99609375,42.21875,878.7803344726562,0.0,44.5,7.55,-0.5,77.34,84.45,-0.5,77.34,84.45,-0.5,0.0,44.5,7.55
377,20.848838329315186,796.1202273040781,26.278125762939453,27.99609375,42.220703125,892.5848388671875,0.0,44.5,7.54,-0.5,77.34,84.46,-0.5,77.34,84.47,-0.5,0.0,44.5,7.53
378,20.90255856513977,796.1202273040781,26.278125762939453,27.994140625,42.216796875,883.5237426757812,0.0,44.5,7.52,-0.5,77.34,84.48,-0.5,77.34,84.48,-0.5,0.0,44.5,7.52
379,20.955604076385498,795.5444523685034,26.274999618530273,27.99609375,42.220703125,878.3546752929688,0.0,44.5,7.51,-0.5,77.34,84.5,-0.5,77.34,84.5,-0.5,0.0,44.5,7.51
380,21.010501861572266,796.1234457797576,26.274999618530273,28.0,42.224609375,879.2425537109375,0.0,44.5,7.5,-0.5,77.34,84.5,-0.5,77.34,84.51,-0.5,0.0,44.5,7.49
381,21.06395673751831,795.4694987258526,26.274999618530273,28.001953125,42.228515625,891.490234375,0.0,44.5,7.47,-0.5,77.34,84.53,-0.5,77.34,84.53,-0.5,0.0,44.5,7.47
382,21.120146989822388,795.4694987258526,26.274999618530273,28.005859375,42.232421875,880.5074462890625,0.0,44.5,7.47,-0.5,77.34,84.54,-0.5,77.34,84.55,-0.5,0.0,44.5,7.45
383,21.174156188964844,795.6962100661547,26.274999618530273,28.005859375,42.234375,886.94140625,0.01,44.5,7.44,-0.5,77.34,84.56,-0.5,77.34,84.56,-0.5,0.01,44.5,7.44
384,21.2287380695343,801.626614759993,26.274999618530273,28.005859375,42.232421875,887.7076416015625,0.01,44.5,7.43,-0.5,77.34,84.57,-0.5,77.34,84.58,-0.5,0.01,44.5,7.43
385,21.281999349594116,801.626614759993,26.274999618530273,28.00390625,42.23046875,873.1612548828125,0.01,44.5,7.42,-0.5,77.34,84.58,-0.5,77.34,84.59,-0.5,0.01,44.5,7.41
386,21.335912227630615,796.1664445042455,26.274999618530273,27.998046875,42.22265625,899.4080200195312,0.01,44.5,7.4,-0.5,77.34,84.6,-0.5,77.34,84.61,-0.5,0.01,44.5,7.39
387,21.39061713218689,795.734361306013,26.274999618530273,27.994140625,42.21484375,876.1654052734375,0.01,44.5,7.39,-0.5,77.34,84.62,-0.5,77.34,84.62,-0.5,0.01,44.5,7.38
388,21.44826602935791,795.734361306013,26.274999618530273,27.99609375,42.216796875,884.80078125,0.01,44.5,7.37,-0.5,77.34,84.63,-0.5,77.34,84.64,-0.5,0.01,44.5,7.36
389,21.503681898117065,796.4738951246468,26.271875381469727,27.99609375,42.21875,877.1870727539062,0.01,44.5,7.35,-0.5,77.34,84.65,-0.5,77.34,84.66,-0.5,0.01,44.5,7.35
390,21.56007957458496,795.640693673209,26.271875381469727,27.998046875,42.220703125,895.8444213867188,0.01,44.5,7.34,-0.5,77.34,84.66,-0.5,77.34,84.67,-0.5,0.01,44.5,7.33
391,21.614835739135742,796.2260223575599,26.271875381469727,28.001953125,42.2265625,891.5266723632812,0.01,44.5,7.32,-0.5,77.34,84.68,-0.5,77.34,84.69,-0.5,0.01,44.5,7.31
392,21.670159816741943,796.2260223575599,26.26875114440918,28.005859375,42.23046875,888.7901000976562,0.01,44.5,7.31,-0.5,77.34,84.7,-0.5,77.34,84.7,-0.5,0.01,44.5,7.3
393,21.729674577713013,796.1780161502169,26.26875114440918,28.005859375,42.23046875,882.3682861328125,0.01,44.5,7.29,-0.5,77.34,84.71,-0.5,77.34,84.72,-0.5,0.01,44.5,7.28
394,21.79432725906372,796.3408765267127,26.26875114440918,28.00390625,42.228515625,894.883544921875,0.01,44.5,7.27,-0.5,77.34,84.73,-0.5,77.34,84.74,-0.5,0.01,44.5,7.27
395,21.848703145980835,796.3408765267127,26.26875114440918,28.001953125,42.2265625,891.6361694335938,0.01,44.5,7.26,-0.5,77.34,84.74,-0.5,77.34,84.75,-0.5,0.01,44.5,7.25
396,21.904998302459717,796.2558608143889,26.26875114440918,27.998046875,42.220703125,874.8761596679688,0.01,44.5,7.23,-0.5,77.34,84.77,-0.5,77.34,84.77,-0.5,0.01,44.5,7.23
397,21.957165718078613,796.2568689995153,26.26875114440918,27.994140625,42.216796875,880.4223022460938,0.01,44.5,7.23,-0.5,77.34,84.78,-0.5,77.34,84.78,-0.5,0.01,44.5,7.22
398,22.01289200782776,796.2568689995153,26.26875114440918,27.99609375,42.216796875,891.7821044921875,0.01,44.5,7.21,-0.5,77.34,84.79,-0.5,77.34,84.8,-0.5,0.01,44.5,7.2
399,22.06626868247986,796.494763483162,26.26875114440918,27.994140625,42.216796875,876.9559936523438,0.01,44.5,7.19,-0.5,77.34,84.81,-0.5,77.34,84.82,-0.5,0.01,44.5,7.19
400,22.123322010040283,796.7858621603414,26.26875114440918,27.998046875,42.22265625,872.1760864257812,0.01,44.5,7.18,-0.5,77.34,84.82,-0.5,77.34,84.83,-0.5,0.01,44.5,7.17
401,22.17769455909729,796.7858621603414,26.265625,28.001953125,42.228515625,876.8829956054688,0.01,44.5,7.16,-0.5,77.34,84.84,-0.5,77.34,84.85,-0.5,0.01,44.5,7.15
402,22.23478937149048,797.0559110631593,26.265625,28.0078125,42.234375,902.898681640625,0.01,44.5,7.15,-0.5,77.34,84.86,-0.5,77.34,84.86,-0.5,0.01,44.5,7.14
403,22.291539907455444,796.593805104575,26.265625,28.005859375,42.23046875,886.211669921875,0.01,44.5,7.13,-0.5,77.34,84.87,-0.5,77.34,84.88,-0.5,0.01,44.5,7.12
404,22.345824718475342,796.593805104575,26.265625,28.001953125,42.2265625,896.4525146484375,0.01,44.5,7.11,-0.5,77.34,84.89,-0.5,77.34,84.9,-0.5,0.01,44.5,7.11
405,22.398119926452637,796.6592742700301,26.265625,28.001953125,42.2265625,893.2659301757812,0.01,44.5,7.1,-0.5,77.34,84.9,-0.5,77.34,84.91,-0.5,0.01,44.5,7.09
406,22.45428776741028,796.9785256396837,26.265625,27.998046875,42.220703125,882.0399169921875,0.01,44.5,7.08,-0.5,77.34,84.92,-0.5,77.34,84.93,-0.5,0.01,44.5,7.07
407,22.50981068611145,796.9785256396837,26.265625,27.99609375,42.21875,879.06005859375,0.01,44.5,7.07,-0.5,77.34,84.94,-0.5,77.34,84.94,-0.5,0.01,44.5,7.06
408,22.566123485565186,796.5398414140424,26.262500762939453,27.99609375,42.21875,882.197998046875,0.01,44.5,7.05,-0.5,77.34,84.95,-0.5,77.34,84.96,-0.5,0.01,44.5,7.04
409,22.623186349868774,797.0422926967602,26.262500762939453,27.99609375,42.21875,879.32763671875,0.01,44.5,7.03,-0.5,77.34,84.97,-0.5,77.34,84.98,-0.5,0.01,44.5,7.03
410,22.67662000656128,796.9172743047881,26.262500762939453,27.998046875,42.220703125,887.8657836914062,0.01,44.5,7.02,-0.5,77.34,84.98,-0.5,77.34,84.99,-0.5,0.01,44.5,7.01
411,22.730202436447144,796.9172743047881,26.262500762939453,28.0,42.224609375,880.6533813476562,0.01,44.5,7.0,-0.5,77.34,85.0,-0.5,77.34,85.01,-0.5,0.01,44.5,6.99
412,22.78543472290039,796.6044911948167,26.259374618530273,28.005859375,42.232421875,881.8817749023438,0.01,44.5,6.99,-0.5,77.34,85.02,-0.5,77.34,85.02,-0.5,0.01,44.5,6.98
413,22.84196949005127,796.7514205192916,26.259374618530273,28.005859375,42.234375,883.3656005859375,0.01,44.5,6.97,-0.5,77.34,85.03,-0.5,77.34,85.04,-0.5,0.01,44.5,6.96
414,22.897075653076172,796.7514205192916,26.259374618530273,28.005859375,42.232421875,890.6996459960938,0.01,44.5,6.95,-0.5,77.34,85.05,-0.5,77.34,85.06,-0.5,0.01,44.5,6.95
415,22.95234179496765,796.1218088905745,26.259374618530273,28.001953125,42.2265625,890.2861328125,0.01,44.5,6.94,-0.5,77.34,85.06,-0.5,77.34,85.07,-0.5,0.01,44.5,6.93
416,23.00614023208618,797.3793098776073,26.259374618530273,28.001953125,42.224609375,887.8779296875,0.01,44.5,6.92,-0.5,77.34,85.08,-0.5,77.34,85.09,-0.5,0.01,44.5,6.91
417,23.061025619506836,796.5971573968518,26.259374618530273,28.0,42.22265625,890.882080078125,0.01,44.5,6.91,-0.5,77.34,85.09,-0.5,77.34,85.1,-0.5,0.01,44.5,6.9
418,23.11489963531494,796.5971573968518,26.259374618530273,27.994140625,42.21484375,880.5682373046875,0.01,44.5,6.89,-0.5,77.34,85.11,-0.5,77.34,85.11,-0.5,0.01,44.5,6.89
419,23.16899847984314,796.534475700783,26.259374618530273,27.994140625,42.212890625,881.86962890625,0.01,44.5,6.88,-0.5,77.34,85.12,-0.5,77.34,85.13,-0.5,0.01,44.5,6.87
420,23.221620321273804,796.1237678341377,26.259374618530273,27.99609375,42.21875,890.0185546875,0.01,44.5,6.87,-0.5,77.34,85.14,-0.5,77.34,85.15,-0.5,0.0,44.5,6.85
421,23.27474594116211,796.1237678341377,26.259374618530273,28.0,42.22265625,880.5195922851562,0.0,44.5,6.85,-0.5,77.34,85.15,-0.5,77.34,85.16,-0.5,0.0,44.5,6.84
422,23.330091953277588,797.4950298354372,26.259374618530273,28.00390625,42.228515625,871.8233642578125,0.0,44.5,6.83,-0.5,77.34,85.17,-0.5,77.34,85.18,-0.5,0.0,44.5,6.83
423,23.385046243667603,796.5133864877095,26.259374618530273,28.005859375,42.232421875,889.5928344726562,0.0,44.5,6.82,-0.5,77.34,85.18,-0.5,77.34,85.19,-0.5,0.0,44.5,6.81
424,23.437533617019653,797.0650886861741,26.256250381469727,28.0078125,42.234375,876.2140502929688,0.0,44.5,6.8,-0.5,77.34,85.2,-0.5,77.34,85.21,-0.5,0.0,44.5,6.79
425,23.49169898033142,797.0650886861741,26.256250381469727,28.001953125,42.22265625,898.1309814453125,0.0,44.5,6.79,-0.5,77.34,85.22,-0.5,77.34,85.22,-0.5,0.0,44.5,6.78
426,23.544365406036377,797.4518827132996,26.256250381469727,27.998046875,42.21875,895.0538330078125,0.0,44.5,6.77,-0.5,77.34,85.23,-0.5,77.34,85.24,-0.5,0.0,44.5,6.76
427,23.597787380218506,796.6338696205672,26.256250381469727,27.998046875,42.216796875,880.0087890625,0.0,44.5,6.75,-0.5,77.34,85.25,-0.5,77.33,85.26,-0.5,0.01,44.5,6.75
428,23.654388189315796,796.107628659694,26.256250381469727,27.99609375,42.21484375,897.1822509765625,0.01,44.5,6.74,-0.5,77.33,85.26,-0.5,77.33,85.27,-0.5,0.01,44.5,6.73
429,23.708204984664917,796.107628659694,26.25312614440918,27.99609375,42.21484375,882.210205078125,0.01,44.5,6.72,-0.5,77.33,85.28,-0.5,77.33,85.28,-0.5,0.01,44.5,6.72
430,23.76384425163269,795.7913878210074,26.25312614440918,27.998046875,42.21875,874.8518676757812,0.01,44.5,6.71,-0.5,77.33,85.3,-0.5,77.33,85.3,-0.5,0.01,44.5,6.7
431,23.81787419319153,795.9993849708972,26.25312614440918,28.0,42.21875,890.5658569335938,0.01,44.5,6.7,-0.5,77.33,85.3,-0.5,77.33,85.32,-0.5,0.01,44.5,6.68
432,23.87037491798401,795.9993849708972,26.25312614440918,28.00390625,42.224609375,881.5169067382812,0.01,44.5,6.67,-0.5,77.33,85.33,-0.5,77.33,85.33,-0.5,0.01,44.5,6.67
433,23.924551248550415,796.1521444030402,26.25312614440918,28.005859375,42.2265625,897.4620361328125,0.01,44.5,6.66,-0.5,77.33,85.34,-0.5,77.33,85.35,-0.5,0.01,44.5,6.65
434,23.97722864151001,795.0478611569986,26.25312614440918,28.005859375,42.228515625,880.2763671875,0.01,44.5,6.64,-0.5,77.33,85.36,-0.5,77.33,85.36,-0.5,0.01,44.5,6.64
435,24.0299174785614,795.0478611569986,26.25312614440918,28.00390625,42.2265625,887.3671264648438,0.01,44.5,6.63,-0.5,77.33,85.37,-0.5,77.33,85.38,-0.5,0.01,44.5,6.63
436,24.08176016807556,795.6182956459926,26.25312614440918,28.001953125,42.22265625,884.94677734375,0.01,44.5,6.62,-0.5,77.33,85.38,-0.5,77.33,85.39,-0.5,0.01,44.5,6.61
437,24.135510683059692,795.5418500756372,26.25312614440918,27.998046875,42.21875,886.7103271484375,0.01,44.5,6.6,-0.5,77.33,85.4,-0.5,77.33,85.41,-0.5,0.01,44.5,6.59
438,24.188573122024536,795.441559939342,26.25,27.994140625,42.21484375,884.5697021484375,0.01,44.5,6.59,-0.5,77.33,85.42,-0.5,77.33,85.42,-0.5,0.01,44.5,6.58
439,24.242385625839233,795.441559939342,26.25,27.99609375,42.212890625,877.0532836914062,0.01,44.5,6.57,-0.5,77.33,85.43,-0.5,77.33,85.44,-0.5,0.01,44.5,6.56
440,24.295623779296875,795.7208980489045,26.25,27.994140625,42.212890625,880.6533813476562,0.01,44.5,6.55,-0.5,77.33,85.45,-0.5,77.33,85.45,-0.5,0.01,44.5,6.55
441,24.349682569503784,795.1737482093804,26.25,27.998046875,42.21875,881.541259765625,0.01,44.5,6.54,-0.5,77.33,85.46,-0.5,77.33,85.47,-0.5,0.01,44.5,6.53
442,24.405035257339478,795.1737482093804,26.25,28.005859375,42.228515625,894.7619018554688,0.01,44.5,6.53,-0.5,77.33,85.47,-0.5,77.33,85.48,-0.5,0.01,44.5,6.52
443,24.46008062362671,795.5734652607488,26.246875762939453,28.005859375,42.2265625,893.7159423828125,0.01,44.5,6.51,-0.5,77.33,85.5,-0.5,77.33,85.5,-0.5,0.01,44.5,6.5
444,24.514080286026,795.0343234326715,26.246875762939453,28.00390625,42.2265625,879.2182006835938,0.01,44.5,6.49,-0.5,77.33,85.51,-0.5,77.33,85.51,-0.5,0.01,44.5,6.49
445,24.567198991775513,795.0343234326715,26.246875762939453,28.005859375,42.2265625,893.8497314453125,0.01,44.5,6.47,-0.5,77.33,85.53,-0.5,77.33,85.53,-0.5,0.01,44.5,6.47
446,24.620582103729248,795.0640711272298,26.246875762939453,28.001953125,42.220703125,887.8292846679688,0.01,44.5,6.46,-0.5,77.33,85.54,-0.5,77.33,85.55,-0.5,0.01,44.5,6.45
447,24.675647974014282,795.3294116108915,26.246875762939453,28.0,42.21875,879.59521484375,0.01,44.5,6.45,-0.5,77.33,85.55,-0.5,77.33,85.56,-0.5,0.01,44.5,6.44
448,24.730530500411987,795.3294116108915,26.246875762939453,27.99609375,42.21484375,898.0336303710938,0.01,44.5,6.43,-0.5,77.33,85.57,-0.5,77.33,85.58,-0.5,0.01,44.5,6.43
449,24.785381317138672,795.777092894446,26.246875762939453,27.9921875,42.208984375,886.3333129882812,0.01,44.5,6.42,-0.5,77.33,85.58,-0.5,77.33,85.59,-0.5,0.01,44.5,6.41
450,24.840514183044434,795.6972332606538,26.246875762939453,27.994140625,42.2109375,887.7806396484375,0.01,44.5,6.4,-0.5,77.33,85.6,-0.5,77.33,85.61,-0.5,0.01,44.5,6.39
451,24.901575326919556,795.6972332606538,26.246875762939453,27.994140625,42.2109375,893.4483642578125,0.01,44.5,6.39,-0.5,77.33,85.62,-0.5,77.33,85.62,-0.5,0.01,44.5,6.38
452,24.95552349090576,795.9051266042965,26.246875762939453,28.001953125,42.220703125,889.7752685546875,0.01,44.5,6.37,-0.5,77.33,85.63,-0.5,77.33,85.64,-0.5,0.01,44.5,6.36
453,25.01082468032837,795.8923604414216,26.246875762939453,28.001953125,42.220703125,877.8438110351562,0.01,44.5,6.35,-0.5,77.33,85.65,-0.5,77.33,85.66,-0.5,0.01,44.5,6.35
454,25.068809986114502,795.8923604414216,26.243749618530273,28.005859375,42.228515625,876.1654052734375,0.01,44.5,6.33,-0.5,77.33,85.67,-0.5,77.33,85.67,-0.5,0.01,44.5,6.33
455,25.12506103515625,797.6164021161242,26.243749618530273,28.00390625,42.224609375,904.224365234375,0.01,44.5,6.31,-0.5,77.33,85.69,-0.5,77.33,85.69,-0.5,0.01,44.5,6.31
456,25.177376985549927,795.9144170716027,26.243749618530273,28.001953125,42.220703125,899.4810180664062,0.01,44.5,6.31,-0.5,77.33,85.7,-0.5,77.33,85.7,-0.5,0.01,44.5,6.3
457,25.229345560073853,795.9144170716027,26.243749618530273,28.001953125,42.220703125,900.6851196289062,0.01,44.5,6.29,-0.5,77.33,85.71,-0.5,77.33,85.72,-0.5,0.01,44.5,6.28
458,25.28178644180298,796.4156098889249,26.240625381469727,27.99609375,42.212890625,887.938720703125,0.01,44.5,6.27,-0.5,77.33,85.73,-0.5,77.33,85.74,-0.5,0.01,44.5,6.27
459,25.334554433822632,795.8774040728373,26.240625381469727,27.994140625,42.2109375,885.48193359375,0.01,44.5,6.26,-0.5,77.33,85.74,-0.5,77.33,85.75,-0.5,0.01,44.5,6.25
460,25.386651754379272,796.1195203297194,26.240625381469727,27.994140625,42.2109375,896.2579345703125,0.01,44.5,6.24,-0.5,77.33,85.76,-0.5,77.33,85.77,-0.5,0.01,44.5,6.23
461,25.441495656967163,796.1195203297194,26.240625381469727,28.0,42.216796875,890.0428466796875,0.01,44.5,6.23,-0.5,77.33,85.78,-0.5,77.33,85.78,-0.5,0.01,44.5,6.22
462,25.495975494384766,795.9537148465694,26.240625381469727,28.0,42.21875,884.7156982421875,0.01,44.5,6.21,-0.5,77.33,85.79,-0.5,77.33,85.8,-0.5,0.01,44.5,6.2
463,25.549312353134155,796.4164503002713,26.240625381469727,28.001953125,42.220703125,883.87646484375,0.01,44.5,6.19,-0.5,77.33,85.81,-0.5,77.33,85.81,-0.5,0.01,44.5,6.19
464,25.602580070495605,796.4164503002713,26.240625381469727,28.00390625,42.224609375,879.33984375,0.01,44.5,6.18,-0.5,77.33,85.82,-0.5,77.33,85.83,-0.5,0.01,44.5,6.17
465,25.656806707382202,796.5453740125508,26.240625381469727,28.00390625,42.2265625,884.14404296875,0.01,44.5,6.17,-0.5,77.33,85.83,-0.5,77.33,85.84,-0.5,0.01,44.5,6.16
466,25.713409185409546,796.5975951357825,26.240625381469727,28.005859375,42.2265625,885.87109375,0.01,44.5,6.15,-0.5,77.33,85.85,-0.5,77.33,85.86,-0.5,0.01,44.5,6.15
467,25.768224716186523,796.5975951357825,26.240625381469727,28.0,42.22265625,881.8939819335938,0.01,44.5,6.13,-0.5,77.33,85.87,-0.5,77.33,85.87,-0.5,0.01,44.5,6.13
468,25.824579000473022,797.4510000738674,26.240625381469727,27.998046875,42.216796875,901.7189331054688,0.01,44.5,6.12,-0.5,77.33,85.88,-0.5,77.33,85.89,-0.5,0.01,44.5,6.11
469,25.877646446228027,797.5345964696302,26.23750114440918,27.99609375,42.212890625,881.4317626953125,0.01,44.5,6.11,-0.5,77.33,85.9,-0.5,77.33,85.9,-0.5,0.01,44.5,6.1
470,25.930551767349243,798.115409931238,26.240625381469727,27.9921875,42.20703125,884.5697021484375,0.01,44.5,6.09,-0.5,77.33,85.91,-0.5,77.33,85.92,-0.5,0.01,44.5,6.08
471,25.98283100128174,798.115409931238,26.23750114440918,27.99609375,42.212890625,894.3727416992188,0.01,44.5,6.07,-0.5,77.33,85.93,-0.5,77.33,85.94,-0.5,0.01,44.5,6.07
472,26.03773522377014,797.1380884768423,26.23750114440918,27.998046875,42.21484375,896.8660278320312,0.01,44.5,6.06,-0.5,77.33,85.94,-0.5,77.33,85.95,-0.5,0.01,44.5,6.05
473,26.090156078338623,797.4523275539242,26.23750114440918,28.00390625,42.220703125,893.010498046875,0.01,44.5,6.04,-0.5,77.33,85.96,-0.5,77.33,85.97,-0.5,0.01,44.5,6.03
474,26.14434552192688,797.4523275539242,26.23750114440918,28.00390625,42.22265625,896.8660278320312,0.01,44.5,6.03,-0.5,77.33,85.97,-0.5,77.33,85.98,-0.5,0.01,44.5,6.02
475,26.205410957336426,796.6452327568434,26.23750114440918,28.00390625,42.224609375,889.677978515625,0.01,44.5,6.01,-0.5,77.33,85.99,-0.5,77.33,86.0,-0.5,0.01,44.5,6.0
476,26.2597177028656,798.8200157253675,26.23750114440918,28.00390625,42.220703125,884.3264770507812,0.01,44.5,5.99,-0.5,77.33,86.01,-0.5,77.33,86.02,-0.5,0.01,44.5,5.99
477,26.31352472305298,798.8200157253675,26.23750114440918,28.001953125,42.220703125,899.0796508789062,0.01,44.5,5.98,-0.5,77.33,86.02,-0.5,77.33,86.03,-0.5,0.01,44.5,5.97
478,26.36925458908081,397.588599690843,26.23750114440918,27.998046875,42.2109375,875.1923828125,0.01,44.5,5.96,-0.5,77.33,86.04,-0.5,77.33,86.05,-0.5,0.01,44.5,5.95
479,26.422937870025635,396.0571713372853,26.234375,27.99609375,42.2109375,878.1357421875,0.01,44.5,5.95,-0.5,77.33,86.05,-0.5,77.33,86.06,-0.5,0.0,44.5,5.94
480,26.476140022277832,396.0571713372853,26.234375,27.994140625,42.208984375,882.076416015625,0.0,44.5,5.93,-0.5,77.33,86.07,-0.5,77.33,86.08,-0.5,0.0,44.5,5.92
481,26.53048276901245,393.72348292732835,26.234375,27.9921875,42.20703125,890.5537109375,0.0,44.5,5.91,-0.5,77.33,86.09,-0.5,77.33,86.09,-0.5,0.0,44.5,5.91
482,26.5841863155365,392.1562892499243,26.234375,27.994140625,42.2109375,897.2066040039062,0.0,44.5,5.91,-0.5,77.33,86.1,-0.5,77.33,86.11,-0.5,0.0,44.5,5.89
483,26.640958309173584,392.1562892499243,26.234375,28.0,42.21875,884.7521362304688,0.0,44.5,5.88,-0.5,77.33,86.12,-0.5,77.33,86.12,-0.5,0.0,44.5,5.88
484,26.69424796104431,391.17611970088734,26.234375,28.00390625,42.224609375,891.1131591796875,0.0,44.5,5.87,-0.5,77.33,86.13,-0.5,77.33,86.14,-0.5,0.0,44.5,5.86
485,26.74701499938965,1170.8239117389269,26.231250762939453,28.00390625,42.224609375,883.414306640625,0.0,44.5,5.86,-0.5,77.33,86.14,-0.5,77.32,86.15,-0.5,0.01,44.5,5.85
486,26.798991203308105,1169.3890751011572,26.231250762939453,28.005859375,42.228515625,887.2333374023438,0.01,44.5,5.84,-0.5,77.32,86.16,-0.5,77.32,86.17,-0.5,0.01,44.5,5.83
487,26.854227781295776,1169.3890751011572,26.231250762939453,28.00390625,42.22265625,897.5228271484375,0.01,44.5,5.83,-0.5,77.32,86.18,-0.5,77.32,86.18,-0.5,0.01,44.5,5.82
488,26.908885717391968,1171.1304377792226,26.231250762939453,27.998046875,42.216796875,889.7996215820312,0.01,44.5,5.81,-0.5,77.32,86.19,-0.5,77.32,86.2,-0.5,0.01,44.5,5.8
489,26.961666584014893,1169.807580443582,26.231250762939453,27.99609375,42.212890625,879.0357666015625,0.01,44.5,5.79,-0.5,77.32,86.21,-0.5,77.32,86.22,-0.5,0.01,44.5,5.79
490,27.01494550704956,1169.807580443582,26.231250762939453,27.994140625,42.2109375,882.53857421875,0.01,44.5,5.78,-0.5,77.32,86.22,-0.5,77.32,86.23,-0.5,0.01,44.5,5.77
491,27.06723380088806,1171.101504597787,26.231250762939453,27.994140625,42.2109375,899.4810180664062,0.01,44.5,5.76,-0.5,77.32,86.24,-0.5,77.32,86.25,-0.5,0.01,44.5,5.75
492,27.122220039367676,1169.22394120707,26.231250762939453,27.99609375,42.21484375,895.8687133789062,0.01,44.5,5.75,-0.5,77.32,86.26,-0.5,77.32,86.26,-0.5,0.01,44.5,5.74
493,27.17592215538025,1169.8721189158014,26.231250762939453,28.0,42.21875,888.3887329101562,0.01,44.5,5.73,-0.5,77.32,86.27,-0.5,77.32,86.28,-0.5,0.01,44.5,5.72
494,27.228404998779297,1169.8721189158014,26.231250762939453,28.001953125,42.22265625,880.4588012695312,0.01,44.5,5.71,-0.5,77.32,86.29,-0.5,77.32,86.29,-0.5,0.01,44.5,5.71
495,27.284162521362305,1167.975686790362,26.231250762939453,28.00390625,42.224609375,885.6278686523438,0.01,44.5,5.7,-0.5,77.32,86.3,-0.5,77.32,86.3,-0.5,0.01,44.5,5.7
496,27.339335918426514,1168.4294019948868,26.231250762939453,28.00390625,42.224609375,889.6171875,0.01,44.5,5.68,-0.5,77.32,86.32,-0.5,77.32,86.32,-0.5,0.01,44.5,5.68
497,27.394477605819702,1168.4294019948868,26.231250762939453,28.00390625,42.22265625,873.8302001953125,0.01,44.5,5.67,-0.5,77.32,86.33,-0.5,77.32,86.34,-0.5,0.01,44.5,5.67
498,27.447431564331055,1168.3726322585749,26.231250762939453,28.001953125,42.220703125,879.133056640625,0.01,44.5,5.66,-0.5,77.32,86.34,-0.5,77.32,86.35,-0.5,0.01,44.5,5.65
499,27.501240491867065,1168.3286274550596,26.231250762939453,27.99609375,42.21484375,886.5278930664062,0.01,44.5,5.64,-0.5,77.32,86.36,-0.5,77.32,86.37,-0.5,0.01,44.5,5.63
500,27.556945085525513,1168.3286274550596,26.231250762939453,27.994140625,42.212890625,883.535888671875,0.01,44.5,5.63,-0.5,77.32,86.38,-0.5,77.32,86.38,-0.5,0.01,44.5,5.62
501,27.612411737442017,1170.3205836197574,26.228124618530273,27.994140625,42.2109375,871.4341430664062,0.01,44.5,5.6,-0.5,77.32,86.4,-0.5,77.32,86.4,-0.5,0.01,44.5,5.6
502,27.664677619934082,1169.3438995017511,26.228124618530273,27.998046875,42.21484375,873.1734008789062,0.01,44.5,5.59,-0.5,77.32,86.41,-0.5,77.32,86.42,-0.5,0.01,44.5,5.59
503,27.7171847820282,1169.3438995017511,26.228124618530273,28.0,42.220703125,878.5614013671875,0.01,44.5,5.59,-0.5,77.32,86.42,-0.5,77.32,86.43,-0.5,0.01,44.5,5.57
504,27.770363092422485,1170.0749364389785,26.228124618530273,28.0,42.220703125,879.2546997070312,0.01,44.5,5.56,-0.5,77.32,86.44,-0.5,77.32,86.45,-0.5,0.01,44.5,5.55
505,27.823728322982788,1171.6618213286765,26.228124618530273,28.00390625,42.2265625,886.6373291015625,0.01,44.5,5.55,-0.5,77.32,86.45,-0.5,77.32,86.46,-0.5,0.01,44.5,5.54
506,27.87639880180359,1171.6618213286765,26.225000381469727,28.005859375,42.2265625,875.1437377929688,0.01,44.5,5.53,-0.5,77.32,86.47,-0.5,77.32,86.48,-0.5,0.01,44.5,5.52
507,27.928322553634644,1170.660851096629,26.225000381469727,28.00390625,42.224609375,894.9686889648438,0.01,44.5,5.52,-0.5,77.32,86.48,-0.5,77.32,86.49,-0.5,0.01,44.5,5.51
508,27.980096340179443,1171.2413879547528,26.225000381469727,28.0,42.216796875,874.2802124023438,0.01,44.5,5.51,-0.5,77.32,86.5,-0.5,77.32,86.5,-0.5,0.01,44.5,5.51
509,28.032532453536987,1171.2413879547528,26.225000381469727,27.96875,42.169921875,848.033447265625,0.01,44.5,5.51,-0.5,77.32,86.5,-0.5,77.32,86.5,-0.5,0.01,44.5,5.51
510,28.087521076202393,1170.4625926367087,26.225000381469727,27.111328125,40.91015625,724.8025512695312,0.01,44.5,5.51,-0.5,77.32,86.5,-0.5,77.32,86.5,-0.5,0.01,44.5,5.51
511,28.14217233657837,1163.4956277004735,26.225000381469727,25.65625,38.779296875,665.9114990234375,0.01,44.5,5.51,-0.5,77.32,86.5,-0.5,77.32,86.5,-0.5,0.01,44.5,5.51
512,28.195208072662354,1163.4956277004735,26.225000381469727,24.271484375,36.7421875,572.4788208007812,0.01,44.5,5.51,-0.5,77.32,86.5,-0.5,77.32,86.5,-0.5,0.01,44.5,5.51
513,28.25026535987854,386.3257759201465,26.225000381469727,22.71875,34.44921875,523.2935180664062,0.01,44.5,5.51,-0.5,77.32,86.5,-0.5,77.32,86.5,-0.5,0.01,44.5,5.51
514,28.305076837539673,395.18229458901095,26.225000381469727,21.13671875,32.099609375,450.2087707519531,0.01,44.5,5.51,-0.5,77.32,86.5,-0.5,77.32,86.5,-0.5,0.01,44.5,5.51
515,28.361320972442627,395.18229458901095,26.22187614440918,19.69140625,29.947265625,355.5963134765625,0.01,44.5,5.51,-0.5,77.32,86.5,-0.5,77.32,86.5,-0.5,0.01,44.5,5.51
516,28.414303064346313,786.868766633131,26.22187614440918,18.177734375,27.947265625,314.1585388183594,0.01,44.5,5.51,-0.5,77.32,86.5,-0.5,77.32,86.5,-0.5,0.01,44.5,5.51
517,28.468162059783936,775.367553458459,26.22187614440918,16.634765625,25.359375,251.30250549316406,0.01,44.5,5.51,-0.5,77.32,86.5,-0.5,77.32,86.5,-0.5,0.01,44.5,5.51
518,28.521363496780396,774.8413823208722,26.22187614440918,15.20703125,23.20703125,218.57308959960938,0.01,44.5,5.51,-0.5,77.32,86.5,-0.5,77.32,86.5,-0.5,0.01,44.5,5.51
519,28.576350450515747,774.8413823208722,26.22187614440918,13.880859375,21.19921875,181.89085388183594,0.01,44.5,5.51,-0.5,77.32,86.5,-0.5,77.32,86.5,-0.5,0.01,44.5,5.51
520,28.630192041397095,191.29871982397574,26.22187614440918,12.38671875,18.9375,135.45425415039062,0.01,44.5,5.51,-0.5,77.32,86.5,-0.5,77.32,86.5,-0.5,0.01,44.5,5.51
521,28.682296991348267,386.6606103811149,26.22187614440918,11.06640625,16.927734375,94.27188110351562,0.01,44.5,5.51,-0.5,77.32,86.5,-0.5,77.32,86.5,-0.5,0.01,44.5,5.51
522,28.738778829574585,386.6606103811149,26.225000381469727,9.412109375,14.408203125,70.10491180419922,0.01,44.5,5.51,-0.5,77.32,86.5,-0.5,77.32,86.5,-0.5,0.01,44.5,5.51
523,28.792773008346558,381.6577428548419,26.225000381469727,8.189453125,12.541015625,47.08121109008789,0.01,44.5,5.51,-0.5,77.32,86.5,-0.5,77.32,86.5,-0.5,0.01,44.5,5.51
524,28.845536708831787,187.77038454767006,26.225000381469727,6.8125,10.439453125,32.49831771850586,0.01,44.5,5.51,-0.5,77.32,86.5,-0.5,77.32,86.5,-0.5,0.01,44.5,5.51
525,28.89823818206787,187.77038454767006,26.225000381469727,5.646484375,8.65625,16.57754898071289,0.01,44.5,5.51,-0.5,77.32,86.5,-0.5,77.32,86.5,-0.5,0.01,44.5,5.51
526,28.951494693756104,176.98875946404212,26.225000381469727,4.3671875,6.6953125,3.4906504154205322,0.01,44.5,5.51,-0.5,77.32,86.5,-0.5,77.32,86.5,-0.5,0.01,44.5,5.51
527,29.006634950637817,176.98875946404212,26.228124618530273,3.42578125,5.251953125,-19.751972198486328,0.01,44.5,5.51,-0.5,77.32,86.5,-0.5,77.32,86.5,-0.5,0.01,44.5,5.51
528,29.06053137779236,170.38358164461727,26.231250762939453,2.1953125,3.3671875,-8.428643226623535,0.01,44.5,5.51,-0.5,77.32,86.5,-0.5,77.32,86.5,-0.5,0.01,44.5,5.51
529,29.11528968811035,130.09608368950768,26.231250762939453,1.5859375,2.4453125,-8.732707023620605,0.01,44.5,5.51,-0.5,77.32,86.5,-0.5,77.32,86.5,-0.5,0.01,44.5,5.51
530,29.169201374053955,130.09608368950768,26.231250762939453,1.208984375,1.85546875,-8.866495132446289,0.01,44.5,5.51,-0.5,77.32,86.5,-0.5,77.32,86.5,-0.5,0.01,44.5,5.51
531,29.22433042526245,114.84616306377666,26.234375,1.109375,1.701171875,-8.927308082580566,0.01,44.5,5.51,-0.5,77.32,86.5,-0.5,77.32,86.5,-0.5,0.01,44.5,5.51
532,29.279417753219604,124.31149241542849,26.23750114440918,1.0390625,1.59375,-8.842169761657715,0.01,44.5,5.51,-0.5,77.32,86.5,-0.5,77.32,86.5,-0.5,0.01,44.5,5.51
533,29.337372064590454,124.31149241542849,26.240625381469727,1.001953125,1.537109375,-9.024608612060547,0.01,44.5,5.51,-0.5,77.32,86.5,-0.5,77.32,86.5,-0.5,0.01,44.5,5.51
534,29.39852523803711,128.07497208726218,26.243749618530273,0.986328125,1.513671875,-9.109745979309082,0.01,44.5,5.51,-0.5,77.32,86.5,-0.5,77.32,86.5,-0.5,0.01,44.5,5.51
535,29.45306086540222,106.4775667789575,26.246875762939453,0.98046875,1.501953125,-9.243534088134766,0.01,44.5,5.51,-0.5,77.32,86.5,-0.5,77.32,86.5,-0.5,0.01,44.5,5.51
536,29.504886865615845,132.154177743124,26.25,0.97265625,1.490234375,-9.182721138000488,0.01,44.5,5.51,-0.5,77.32,86.5,-0.5,77.32,86.5,-0.5,0.01,44.5,5.51
