,time,signal,value
0,0.0,x_ref,0.032
1,0.0,x,0.0
2,0.01289510726928711,x_ref,0.032
3,0.01289510726928711,x,0.0
4,0.0194852352142334,x_ref,0.032
5,0.0194852352142334,x,0.0
6,0.029478788375854492,x_ref,0.032
7,0.029478788375854492,x,0.0
8,0.04035449028015137,x_ref,0.032
9,0.04035449028015137,x,0.0
10,0.05273294448852539,x_ref,1.568
11,0.05273294448852539,x,0.328
12,0.061449527740478516,x_ref,1.568
13,0.061449527740478516,x,0.328
14,0.0694115161895752,x_ref,1.568
15,0.0694115161895752,x,0.328
16,0.07941436767578125,x_ref,1.568
17,0.07941436767578125,x,0.328
18,0.09015846252441406,x_ref,1.568
19,0.09015846252441406,x,0.328
20,0.10009765625,x_ref,1.568
21,0.10009765625,x,0.328
22,0.11079692840576172,x_ref,3.104
23,0.11079692840576172,x,0.328
24,0.12085390090942383,x_ref,3.104
25,0.12085390090942383,x,0.328
26,0.12954068183898926,x_ref,3.104
27,0.12954068183898926,x,0.328
28,0.1395432949066162,x_ref,3.104
29,0.1395432949066162,x,0.328
30,0.1500694751739502,x_ref,3.104
31,0.1500694751739502,x,3.848
32,0.15957117080688477,x_ref,4.664
33,0.15957117080688477,x,3.848
34,0.16955018043518066,x_ref,4.664
35,0.16955018043518066,x,3.848
36,0.18037819862365723,x_ref,4.664
37,0.18037819862365723,x,3.848
38,0.1903696060180664,x_ref,4.664
39,0.1903696060180664,x,3.848
40,0.20032548904418945,x_ref,4.664
41,0.20032548904418945,x,3.848
42,0.2098245620727539,x_ref,6.2
43,0.2098245620727539,x,3.848
44,0.22043657302856445,x_ref,6.2
45,0.22043657302856445,x,3.848
46,0.23032522201538086,x_ref,6.2
47,0.23032522201538086,x,3.848
48,0.23985505104064941,x_ref,6.2
49,0.23985505104064941,x,3.848
50,0.25092339515686035,x_ref,6.2
51,0.25092339515686035,x,7.24
52,0.26090121269226074,x_ref,7.72
53,0.26090121269226074,x,7.24
54,0.2706632614135742,x_ref,7.72
55,0.2706632614135742,x,7.24
56,0.2804298400878906,x_ref,7.72
57,0.2804298400878906,x,7.24
58,0.2902660369873047,x_ref,7.72
59,0.2902660369873047,x,7.24
60,0.30010128021240234,x_ref,7.72
61,0.30010128021240234,x,7.24
62,0.31006860733032227,x_ref,9.232
63,0.31006860733032227,x,7.24
64,0.31943488121032715,x_ref,9.232
65,0.31943488121032715,x,7.24
66,0.3303253650665283,x_ref,9.232
67,0.3303253650665283,x,7.24
68,0.34042906761169434,x_ref,9.232
69,0.34042906761169434,x,7.24
70,0.35079336166381836,x_ref,9.232
71,0.35079336166381836,x,10.272
72,0.3646230697631836,x_ref,10.792
73,0.3646230697631836,x,10.272
74,0.3717041015625,x_ref,10.792
75,0.3717041015625,x,10.272
76,0.37951111793518066,x_ref,10.792
77,0.37951111793518066,x,10.272
78,0.38985610008239746,x_ref,10.792
79,0.38985610008239746,x,10.272
80,0.40041351318359375,x_ref,10.792
81,0.40041351318359375,x,10.272
82,0.4101836681365967,x_ref,12.296
83,0.4101836681365967,x,10.272
84,0.42049098014831543,x_ref,12.296
85,0.42049098014831543,x,10.272
86,0.43035197257995605,x_ref,12.296
87,0.43035197257995605,x,10.272
88,0.44086170196533203,x_ref,12.296
89,0.44086170196533203,x,10.272
90,0.45179033279418945,x_ref,12.296
91,0.45179033279418945,x,13.24
92,0.46193766593933105,x_ref,13.824
93,0.46193766593933105,x,13.24
94,0.4702000617980957,x_ref,13.824
95,0.4702000617980957,x,13.24
96,0.4800078868865967,x_ref,13.824
97,0.4800078868865967,x,13.24
98,0.4903528690338135,x_ref,13.824
99,0.4903528690338135,x,13.24
100,0.5001492500305176,x_ref,13.824
101,0.5001492500305176,x,13.24
102,0.5114176273345947,x_ref,15.0
103,0.5114176273345947,x,13.24
104,0.5203800201416016,x_ref,15.0
105,0.5203800201416016,x,13.24
106,0.530123233795166,x_ref,15.0
107,0.530123233795166,x,13.24
108,0.5403285026550293,x_ref,15.0
109,0.5403285026550293,x,13.24
110,0.5512075424194336,x_ref,15.0
111,0.5512075424194336,x,15.984
112,0.5599451065063477,x_ref,15.0
113,0.5599451065063477,x,15.984
114,0.5695362091064453,x_ref,15.0
115,0.5695362091064453,x,15.984
116,0.5795037746429443,x_ref,15.0
117,0.5795037746429443,x,15.984
118,0.5896224975585938,x_ref,15.0
119,0.5896224975585938,x,15.984
120,0.5994596481323242,x_ref,15.0
121,0.5994596481323242,x,15.984
122,0.6123745441436768,x_ref,15.0
123,0.6123745441436768,x,15.984
124,0.620448112487793,x_ref,15.0
125,0.620448112487793,x,15.984
126,0.630084753036499,x_ref,15.0
127,0.630084753036499,x,15.984
128,0.6401987075805664,x_ref,15.0
129,0.6401987075805664,x,15.984
130,0.6506567001342773,x_ref,15.0
131,0.6506567001342773,x,15.488
132,0.6621193885803223,x_ref,15.0
133,0.6621193885803223,x,15.488
134,0.6694133281707764,x_ref,15.0
135,0.6694133281707764,x,15.488
136,0.6796038150787354,x_ref,15.0
137,0.6796038150787354,x,15.488
138,0.6900424957275391,x_ref,15.0
139,0.6900424957275391,x,15.488
140,0.7003195285797119,x_ref,15.0
141,0.7003195285797119,x,15.488
142,0.7096028327941895,x_ref,15.0
143,0.7096028327941895,x,15.488
144,0.7204546928405762,x_ref,15.0
145,0.7204546928405762,x,15.488
146,0.7303516864776611,x_ref,15.0
147,0.7303516864776611,x,15.488
148,0.7401175498962402,x_ref,15.0
149,0.7401175498962402,x,15.488
150,0.7510037422180176,x_ref,15.0
151,0.7510037422180176,x,14.904
152,0.7603647708892822,x_ref,15.0
153,0.7603647708892822,x,14.904
154,0.7702291011810303,x_ref,15.0
155,0.7702291011810303,x,14.904
156,0.7803010940551758,x_ref,15.0
157,0.7803010940551758,x,14.904
158,0.7903897762298584,x_ref,15.0
159,0.7903897762298584,x,14.904
160,0.8002395629882812,x_ref,15.0
161,0.8002395629882812,x,14.904
162,0.8099548816680908,x_ref,15.0
163,0.8099548816680908,x,14.904
164,0.8194150924682617,x_ref,15.0
165,0.8194150924682617,x,14.904
166,0.8303160667419434,x_ref,15.0
167,0.8303160667419434,x,14.904
168,0.8408362865447998,x_ref,15.0
169,0.8408362865447998,x,14.904
170,0.851264476776123,x_ref,15.0
171,0.851264476776123,x,15.0
172,0.8607616424560547,x_ref,15.0
173,0.8607616424560547,x,15.0
174,0.8704268932342529,x_ref,15.0
175,0.8704268932342529,x,15.0
176,0.8803684711456299,x_ref,15.0
177,0.8803684711456299,x,15.0
178,0.8902628421783447,x_ref,15.0
179,0.8902628421783447,x,15.0
180,0.899939775466919,x_ref,15.0
181,0.899939775466919,x,15.0
182,0.9106643199920654,x_ref,15.0
183,0.9106643199920654,x,15.0
184,0.9194152355194092,x_ref,15.0
185,0.9194152355194092,x,15.0
186,0.9304525852203369,x_ref,15.0
187,0.9304525852203369,x,15.0
188,0.9403774738311768,x_ref,15.0
189,0.9403774738311768,x,15.0
190,0.951462984085083,x_ref,15.0
191,0.951462984085083,x,15.0
192,0.9608750343322754,x_ref,15.0
193,0.9608750343322754,x,15.0
194,0.9694983959197998,x_ref,15.0
195,0.9694983959197998,x,15.0
196,0.9799799919128418,x_ref,15.0
197,0.9799799919128418,x,15.0
198,0.9904036521911621,x_ref,15.0
199,0.9904036521911621,x,15.0
200,1.0001909732818604,x_ref,15.0
201,1.0001909732818604,x,15.0
202,1.0100557804107666,x_ref,15.0
203,1.0100557804107666,x,15.0
204,1.0203874111175537,x_ref,14.632
205,1.0203874111175537,x,15.0
206,1.0301928520202637,x_ref,14.632
207,1.0301928520202637,x,15.0
208,1.0401890277862549,x_ref,14.632
209,1.0401890277862549,x,15.0
210,1.0506272315979004,x_ref,14.632
211,1.0506272315979004,x,14.848
212,1.0600435733795166,x_ref,14.632
213,1.0600435733795166,x,14.848
214,1.070591926574707,x_ref,13.112
215,1.070591926574707,x,14.848
216,1.0804004669189453,x_ref,13.112
217,1.0804004669189453,x,14.848
218,1.0902068614959717,x_ref,13.112
219,1.0902068614959717,x,14.848
220,1.1001098155975342,x_ref,13.112
221,1.1001098155975342,x,14.848
222,1.1098036766052246,x_ref,13.112
223,1.1098036766052246,x,14.848
224,1.1201355457305908,x_ref,11.592
225,1.1201355457305908,x,14.848
226,1.130178451538086,x_ref,11.592
227,1.130178451538086,x,14.848
228,1.1404361724853516,x_ref,11.592
229,1.1404361724853516,x,14.848
230,1.1510801315307617,x_ref,11.592
231,1.1510801315307617,x,11.816
232,1.1601495742797852,x_ref,11.592
233,1.1601495742797852,x,11.816
234,1.1694881916046143,x_ref,10.08
235,1.1694881916046143,x,11.816
236,1.1804182529449463,x_ref,10.08
237,1.1804182529449463,x,11.816
238,1.1904184818267822,x_ref,10.08
239,1.1904184818267822,x,11.816
240,1.2001068592071533,x_ref,10.08
241,1.2001068592071533,x,11.816
242,1.2099103927612305,x_ref,10.08
243,1.2099103927612305,x,11.816
244,1.2197985649108887,x_ref,8.528
245,1.2197985649108887,x,11.816
246,1.2294964790344238,x_ref,8.528
247,1.2294964790344238,x,11.816
248,1.2400217056274414,x_ref,8.528
249,1.2400217056274414,x,11.816
250,1.2506825923919678,x_ref,8.528
251,1.2506825923919678,x,7.392
252,1.260375738143921,x_ref,8.528
253,1.260375738143921,x,7.392
254,1.2704131603240967,x_ref,7.0
255,1.2704131603240967,x,7.392
256,1.2802331447601318,x_ref,7.0
257,1.2802331447601318,x,7.392
258,1.290238618850708,x_ref,7.0
259,1.290238618850708,x,7.392
260,1.3001012802124023,x_ref,7.0
261,1.3001012802124023,x,7.392
262,1.3097491264343262,x_ref,7.0
263,1.3097491264343262,x,7.392
264,1.32033109664917,x_ref,5.48
265,1.32033109664917,x,7.392
266,1.330258846282959,x_ref,5.48
267,1.330258846282959,x,7.392
268,1.3403983116149902,x_ref,5.48
269,1.3403983116149902,x,7.392
270,1.3507983684539795,x_ref,5.48
271,1.3507983684539795,x,4.744
272,1.359461784362793,x_ref,5.48
273,1.359461784362793,x,4.744
274,1.36973237991333,x_ref,3.96
275,1.36973237991333,x,4.744
276,1.3800044059753418,x_ref,3.96
277,1.3800044059753418,x,4.744
278,1.390310287475586,x_ref,3.96
279,1.390310287475586,x,4.744
280,1.400083065032959,x_ref,3.96
281,1.400083065032959,x,4.744
282,1.4098083972930908,x_ref,3.96
283,1.4098083972930908,x,4.744
284,1.4197580814361572,x_ref,2.448
285,1.4197580814361572,x,4.744
286,1.4294862747192383,x_ref,2.448
287,1.4294862747192383,x,4.744
288,1.4402306079864502,x_ref,2.448
289,1.4402306079864502,x,4.744
290,1.4516019821166992,x_ref,2.448
291,1.4516019821166992,x,1.712
292,1.4599175453186035,x_ref,2.448
293,1.4599175453186035,x,1.712
294,1.470191240310669,x_ref,0.936
295,1.470191240310669,x,1.712
296,1.4804365634918213,x_ref,0.936
297,1.4804365634918213,x,1.712
298,1.4901328086853027,x_ref,0.936
299,1.4901328086853027,x,1.712
300,1.5003905296325684,x_ref,0.936
301,1.5003905296325684,x,1.712
302,1.5099906921386719,x_ref,0.936
303,1.5099906921386719,x,1.712
304,1.5200607776641846,x_ref,0.0
305,1.5200607776641846,x,1.712
306,1.5301849842071533,x_ref,0.0
307,1.5301849842071533,x,1.712
308,1.5395052433013916,x_ref,0.0
309,1.5395052433013916,x,1.712
310,1.549959659576416,x_ref,0.0
311,1.549959659576416,x,-1.152
312,1.559960126876831,x_ref,0.0
313,1.559960126876831,x,-1.152
314,1.5701138973236084,x_ref,0.0
315,1.5701138973236084,x,-1.152
316,1.5804002285003662,x_ref,0.0
317,1.5804002285003662,x,-1.152
318,1.5904157161712646,x_ref,0.0
319,1.5904157161712646,x,-1.152
320,1.6003358364105225,x_ref,0.0
321,1.6003358364105225,x,-1.152
322,1.6100358963012695,x_ref,0.0
323,1.6100358963012695,x,-1.152
324,1.620150089263916,x_ref,0.0
325,1.620150089263916,x,-1.152
326,1.630314588546753,x_ref,0.0
327,1.630314588546753,x,-1.152
328,1.640127182006836,x_ref,0.0
329,1.640127182006836,x,-1.152
330,1.6507713794708252,x_ref,0.0
331,1.6507713794708252,x,-1.152
332,1.6594765186309814,x_ref,0.0
333,1.6594765186309814,x,-1.152
334,1.670506477355957,x_ref,0.0
335,1.670506477355957,x,-1.152
336,1.6803820133209229,x_ref,0.0
337,1.6803820133209229,x,-1.152
338,1.6901190280914307,x_ref,0.0
339,1.6901190280914307,x,-1.152
340,1.699967861175537,x_ref,0.0
341,1.699967861175537,x,-1.152
342,1.7098169326782227,x_ref,0.0
343,1.7098169326782227,x,-1.152
344,1.7199015617370605,x_ref,0.0
345,1.7199015617370605,x,-1.152
346,1.7300002574920654,x_ref,0.0
347,1.7300002574920654,x,-1.152
348,1.7408812046051025,x_ref,0.0
349,1.7408812046051025,x,-1.152
350,1.7506890296936035,x_ref,0.0
351,1.7506890296936035,x,0.512
352,1.759451150894165,x_ref,0.0
353,1.759451150894165,x,0.512
354,1.7712771892547607,x_ref,0.0
355,1.7712771892547607,x,0.512
356,1.7801964282989502,x_ref,0.0
357,1.7801964282989502,x,0.512
358,1.790414571762085,x_ref,0.0
359,1.790414571762085,x,0.512
360,1.7999989986419678,x_ref,0.0
361,1.7999989986419678,x,0.512
362,1.809469223022461,x_ref,0.0
363,1.809469223022461,x,0.512
364,1.8203537464141846,x_ref,0.0
365,1.8203537464141846,x,0.512
366,1.8302335739135742,x_ref,0.0
367,1.8302335739135742,x,0.512
368,1.8403666019439697,x_ref,0.0
369,1.8403666019439697,x,0.512
370,1.8509798049926758,x_ref,0.0
371,1.8509798049926758,x,0.008
372,1.860126256942749,x_ref,0.0
373,1.860126256942749,x,0.008
374,1.8708114624023438,x_ref,0.0
375,1.8708114624023438,x,0.008
376,1.8800806999206543,x_ref,0.0
377,1.8800806999206543,x,0.008
378,1.8901402950286865,x_ref,0.0
379,1.8901402950286865,x,0.008
380,1.9001624584197998,x_ref,0.0
381,1.9001624584197998,x,0.008
382,1.9100801944732666,x_ref,0.0
383,1.9100801944732666,x,0.008
384,1.9209957122802734,x_ref,0.0
385,1.9209957122802734,x,0.008
386,1.930009365081787,x_ref,0.0
387,1.930009365081787,x,0.008
388,1.9403951168060303,x_ref,0.0
389,1.9403951168060303,x,0.008
390,1.9508039951324463,x_ref,0.0
391,1.9508039951324463,x,0.0
392,1.9603219032287598,x_ref,0.0
393,1.9603219032287598,x,0.0
394,1.9718167781829834,x_ref,0.0
395,1.9718167781829834,x,0.0
396,1.9799447059631348,x_ref,0.0
397,1.9799447059631348,x,0.0
398,1.9903843402862549,x_ref,0.0
399,1.9903843402862549,x,0.0
400,2.0002899169921875,x_ref,0.0
401,2.0002899169921875,x,0.0
402,2.0100817680358887,x_ref,0.0
403,2.0100817680358887,x,0.0
404,2.0203709602355957,x_ref,0.568
405,2.0203709602355957,x,0.0
406,2.0303804874420166,x_ref,0.568
407,2.0303804874420166,x,0.0
408,2.0403895378112793,x_ref,0.568
409,2.0403895378112793,x,0.0
410,2.051215648651123,x_ref,0.568
411,2.051215648651123,x,0.08
412,2.0603835582733154,x_ref,0.568
413,2.0603835582733154,x,0.08
414,2.0696401596069336,x_ref,2.088
415,2.0696401596069336,x,0.08
416,2.080305337905884,x_ref,2.088
417,2.080305337905884,x,0.08
418,2.090149402618408,x_ref,2.088
419,2.090149402618408,x,0.08
420,2.099919557571411,x_ref,2.088
421,2.099919557571411,x,0.08
422,2.1098740100860596,x_ref,2.088
423,2.1098740100860596,x,0.08
424,2.1200668811798096,x_ref,3.6
425,2.1200668811798096,x,0.08
426,2.1303820610046387,x_ref,3.6
427,2.1303820610046387,x,0.08
428,2.1395065784454346,x_ref,3.6
429,2.1395065784454346,x,0.08
430,2.1502294540405273,x_ref,3.6
431,2.1502294540405273,x,2.792
432,2.160400629043579,x_ref,3.6
433,2.160400629043579,x,2.792
434,2.1697423458099365,x_ref,5.104
435,2.1697423458099365,x,2.792
436,2.1804275512695312,x_ref,5.104
437,2.1804275512695312,x,2.792
438,2.1902148723602295,x_ref,5.104
439,2.1902148723602295,x,2.792
440,2.200202465057373,x_ref,5.104
441,2.200202465057373,x,2.792
442,2.2099311351776123,x_ref,5.104
443,2.2099311351776123,x,2.792
444,2.220151424407959,x_ref,6.616
445,2.220151424407959,x,2.792
446,2.229536533355713,x_ref,6.616
447,2.229536533355713,x,2.792
448,2.2408807277679443,x_ref,6.616
449,2.2408807277679443,x,2.792
450,2.250995635986328,x_ref,6.616
451,2.250995635986328,x,7.8
452,2.2603988647460938,x_ref,6.616
453,2.2603988647460938,x,7.8
454,2.2701644897460938,x_ref,8.128
455,2.2701644897460938,x,7.8
456,2.2804770469665527,x_ref,8.128
457,2.2804770469665527,x,7.8
458,2.289639949798584,x_ref,8.128
459,2.289639949798584,x,7.8
460,2.300398349761963,x_ref,8.128
461,2.300398349761963,x,7.8
462,2.3101022243499756,x_ref,8.128
463,2.3101022243499756,x,7.8
464,2.320619821548462,x_ref,9.64
465,2.320619821548462,x,7.8
466,2.329418182373047,x_ref,9.64
467,2.329418182373047,x,7.8
468,2.340052604675293,x_ref,9.64
469,2.340052604675293,x,7.8
470,2.351870059967041,x_ref,9.64
471,2.351870059967041,x,10.24
472,2.3604116439819336,x_ref,9.64
473,2.3604116439819336,x,10.24
474,2.370471715927124,x_ref,11.152
475,2.370471715927124,x,10.24
476,2.3801872730255127,x_ref,11.152
477,2.3801872730255127,x,10.24
478,2.390799045562744,x_ref,11.152
479,2.390799045562744,x,10.24
480,2.400393486022949,x_ref,11.152
481,2.400393486022949,x,10.24
482,2.4108188152313232,x_ref,11.152
483,2.4108188152313232,x,10.24
484,2.4194557666778564,x_ref,11.152
485,2.4194557666778564,x,10.24
486,2.43025541305542,x_ref,12.696
487,2.43025541305542,x,10.24
488,2.439549446105957,x_ref,12.696
489,2.439549446105957,x,10.24
490,2.450303316116333,x_ref,12.696
491,2.450303316116333,x,13.256
492,2.4599666595458984,x_ref,12.696
493,2.4599666595458984,x,13.256
494,2.4693877696990967,x_ref,12.696
495,2.4693877696990967,x,13.256
496,2.480246067047119,x_ref,14.208
497,2.480246067047119,x,13.256
498,2.489562749862671,x_ref,14.208
499,2.489562749862671,x,13.256
500,2.5003693103790283,x_ref,14.208
501,2.5003693103790283,x,13.256
502,2.5100815296173096,x_ref,14.208
503,2.5100815296173096,x,13.256
504,2.520317316055298,x_ref,14.208
505,2.520317316055298,x,13.256
506,2.5302793979644775,x_ref,15.728
507,2.5302793979644775,x,13.256
508,2.5395395755767822,x_ref,15.728
509,2.5395395755767822,x,13.256
510,2.550238609313965,x_ref,15.728
511,2.550238609313965,x,16.224
512,2.5604097843170166,x_ref,15.728
513,2.5604097843170166,x,16.224
514,2.5700902938842773,x_ref,15.728
515,2.5700902938842773,x,16.224
516,2.5794003009796143,x_ref,17.24
517,2.5794003009796143,x,16.224
518,2.590057611465454,x_ref,17.24
519,2.590057611465454,x,16.224
520,2.59946346282959,x_ref,17.24
521,2.59946346282959,x,16.224
522,2.609921932220459,x_ref,17.24
523,2.609921932220459,x,16.224
524,2.6202313899993896,x_ref,17.24
525,2.6202313899993896,x,16.224
526,2.6303164958953857,x_ref,18.752
527,2.6303164958953857,x,16.224
528,2.640294075012207,x_ref,18.752
529,2.640294075012207,x,16.224
530,2.650829315185547,x_ref,18.752
531,2.650829315185547,x,19.248
532,2.6621196269989014,x_ref,18.752
533,2.6621196269989014,x,19.248
534,2.67012357711792,x_ref,18.752
535,2.67012357711792,x,19.248
536,2.679445743560791,x_ref,20.272
537,2.679445743560791,x,19.248
538,2.6900241374969482,x_ref,20.272
539,2.6900241374969482,x,19.248
540,2.6994543075561523,x_ref,20.272
541,2.6994543075561523,x,19.248
542,2.7102913856506348,x_ref,20.272
543,2.7102913856506348,x,19.248
544,2.7204036712646484,x_ref,20.272
545,2.7204036712646484,x,19.248
546,2.7301204204559326,x_ref,21.824
547,2.7301204204559326,x,19.248
548,2.7400033473968506,x_ref,21.824
549,2.7400033473968506,x,19.248
550,2.7506449222564697,x_ref,21.824
551,2.7506449222564697,x,22.216
552,2.760188102722168,x_ref,21.824
553,2.760188102722168,x,22.216
554,2.7704265117645264,x_ref,21.824
555,2.7704265117645264,x,22.216
556,2.7802116870880127,x_ref,23.336
557,2.7802116870880127,x,22.216
558,2.7901079654693604,x_ref,23.336
559,2.7901079654693604,x,22.216
560,2.8000428676605225,x_ref,23.336
561,2.8000428676605225,x,22.216
562,2.8097875118255615,x_ref,23.336
563,2.8097875118255615,x,22.216
564,2.8202908039093018,x_ref,23.336
565,2.8202908039093018,x,22.216
566,2.830190896987915,x_ref,24.84
567,2.830190896987915,x,22.216
568,2.839989185333252,x_ref,24.84
569,2.839989185333252,x,22.216
570,2.850527763366699,x_ref,24.84
571,2.850527763366699,x,25.224
572,2.8604047298431396,x_ref,24.84
573,2.8604047298431396,x,25.224
574,2.869399309158325,x_ref,24.84
575,2.869399309158325,x,25.224
576,2.880394220352173,x_ref,26.36
577,2.880394220352173,x,25.224
578,2.8901774883270264,x_ref,26.36
579,2.8901774883270264,x,25.224
580,2.900041103363037,x_ref,26.36
581,2.900041103363037,x,25.224
582,2.9101479053497314,x_ref,26.36
583,2.9101479053497314,x,25.224
584,2.9195845127105713,x_ref,26.36
585,2.9195845127105713,x,25.224
586,2.930042266845703,x_ref,27.864
587,2.930042266845703,x,25.224
588,2.9399819374084473,x_ref,27.864
589,2.9399819374084473,x,25.224
590,2.9504780769348145,x_ref,27.864
591,2.9504780769348145,x,28.224
592,2.959524154663086,x_ref,27.864
593,2.959524154663086,x,28.224
594,2.9701876640319824,x_ref,27.864
595,2.9701876640319824,x,28.224
596,2.9803874492645264,x_ref,29.392
597,2.9803874492645264,x,28.224
598,2.990370273590088,x_ref,29.392
599,2.990370273590088,x,28.224
600,3.0000782012939453,x_ref,29.392
601,3.0000782012939453,x,28.224
602,3.0099189281463623,x_ref,29.392
603,3.0099189281463623,x,28.224
604,3.020177125930786,x_ref,29.392
605,3.020177125930786,x,28.224
606,3.030247211456299,x_ref,30.0
607,3.030247211456299,x,28.224
608,3.040126085281372,x_ref,30.0
609,3.040126085281372,x,28.224
610,3.050731897354126,x_ref,30.0
611,3.050731897354126,x,31.168
612,3.0602495670318604,x_ref,30.0
613,3.0602495670318604,x,31.168
614,3.0694549083709717,x_ref,30.0
615,3.0694549083709717,x,31.168
616,3.0812323093414307,x_ref,30.0
617,3.0812323093414307,x,31.168
618,3.090853452682495,x_ref,30.0
619,3.090853452682495,x,31.168
620,3.1003777980804443,x_ref,30.0
621,3.1003777980804443,x,31.168
622,3.11002779006958,x_ref,30.0
623,3.11002779006958,x,31.168
624,3.1203174591064453,x_ref,30.0
625,3.1203174591064453,x,31.168
626,3.1305723190307617,x_ref,30.0
627,3.1305723190307617,x,31.168
628,3.1397509574890137,x_ref,30.0
629,3.1397509574890137,x,31.168
630,3.1539387702941895,x_ref,30.0
631,3.1539387702941895,x,31.496
632,3.161114454269409,x_ref,30.0
633,3.161114454269409,x,31.496
634,3.1693971157073975,x_ref,30.0
635,3.1693971157073975,x,31.496
636,3.179727554321289,x_ref,30.0
637,3.179727554321289,x,31.496
638,3.1898739337921143,x_ref,30.0
639,3.1898739337921143,x,31.496
640,3.2003800868988037,x_ref,30.0
641,3.2003800868988037,x,31.496
642,3.2099733352661133,x_ref,30.0
643,3.2099733352661133,x,31.496
644,3.220155715942383,x_ref,30.0
645,3.220155715942383,x,31.496
646,3.2316529750823975,x_ref,30.0
647,3.2316529750823975,x,31.496
648,3.240370035171509,x_ref,30.0
649,3.240370035171509,x,31.496
650,3.2510106563568115,x_ref,30.0
651,3.2510106563568115,x,29.416
652,3.259835958480835,x_ref,30.0
653,3.259835958480835,x,29.416
654,3.270235061645508,x_ref,30.0
655,3.270235061645508,x,29.416
656,3.282926082611084,x_ref,30.0
657,3.282926082611084,x,29.416
658,3.290231704711914,x_ref,30.0
659,3.290231704711914,x,29.416
660,3.2997913360595703,x_ref,30.0
661,3.2997913360595703,x,29.416
662,3.309919834136963,x_ref,30.0
663,3.309919834136963,x,29.416
664,3.320098876953125,x_ref,30.0
665,3.320098876953125,x,29.416
666,3.329711437225342,x_ref,30.0
667,3.329711437225342,x,29.416
668,3.340404748916626,x_ref,30.0
669,3.340404748916626,x,29.416
670,3.351088523864746,x_ref,30.0
671,3.351088523864746,x,30.008
672,3.360189437866211,x_ref,30.0
673,3.360189437866211,x,30.008
674,3.369633674621582,x_ref,30.0
675,3.369633674621582,x,30.008
676,3.379786729812622,x_ref,30.0
677,3.379786729812622,x,30.008
678,3.3900492191314697,x_ref,30.0
679,3.3900492191314697,x,30.008
680,3.4003725051879883,x_ref,30.0
681,3.4003725051879883,x,30.008
682,3.4099459648132324,x_ref,30.0
683,3.4099459648132324,x,30.008
684,3.420102119445801,x_ref,30.0
685,3.420102119445801,x,30.008
686,3.4304046630859375,x_ref,30.0
687,3.4304046630859375,x,30.008
688,3.44034481048584,x_ref,30.0
689,3.44034481048584,x,30.008
690,3.4506494998931885,x_ref,30.0
691,3.4506494998931885,x,30.0
692,3.4597020149230957,x_ref,30.0
693,3.4597020149230957,x,30.0
694,3.4704151153564453,x_ref,30.0
695,3.4704151153564453,x,30.0
696,3.480043649673462,x_ref,30.0
697,3.480043649673462,x,30.0
698,3.4901750087738037,x_ref,30.0
699,3.4901750087738037,x,30.0
700,3.499511480331421,x_ref,30.0
701,3.499511480331421,x,30.0
702,3.5100438594818115,x_ref,30.0
703,3.5100438594818115,x,30.0
704,3.5203280448913574,x_ref,30.0
705,3.5203280448913574,x,30.0
706,3.5300920009613037,x_ref,29.08
707,3.5300920009613037,x,30.0
708,3.540140151977539,x_ref,29.08
709,3.540140151977539,x,30.0
710,3.5505177974700928,x_ref,29.08
711,3.5505177974700928,x,29.984
712,3.559812307357788,x_ref,29.08
713,3.559812307357788,x,29.984
714,3.5704023838043213,x_ref,29.08
715,3.5704023838043213,x,29.984
716,3.580601692199707,x_ref,27.56
717,3.580601692199707,x,29.984
718,3.5899949073791504,x_ref,27.56
719,3.5899949073791504,x,29.984
720,3.599766254425049,x_ref,27.56
721,3.599766254425049,x,29.984
722,3.6105599403381348,x_ref,27.56
723,3.6105599403381348,x,29.984
724,3.6202878952026367,x_ref,27.56
725,3.6202878952026367,x,29.984
726,3.6309893131256104,x_ref,26.04
727,3.6309893131256104,x,29.984
728,3.640375852584839,x_ref,26.04
729,3.640375852584839,x,29.984
730,3.6509411334991455,x_ref,26.04
731,3.6509411334991455,x,27.656
732,3.660271167755127,x_ref,26.04
733,3.660271167755127,x,27.656
734,3.669736385345459,x_ref,26.04
735,3.669736385345459,x,27.656
736,3.679969072341919,x_ref,26.04
737,3.679969072341919,x,27.656
738,3.690387010574341,x_ref,24.528
739,3.690387010574341,x,27.656
740,3.70013689994812,x_ref,24.528
741,3.70013689994812,x,27.656
742,3.7100179195404053,x_ref,24.528
743,3.7100179195404053,x,27.656
744,3.720144271850586,x_ref,24.528
745,3.720144271850586,x,27.656
746,3.7303006649017334,x_ref,24.528
747,3.7303006649017334,x,27.656
748,3.74040150642395,x_ref,23.008
749,3.74040150642395,x,27.656
750,3.752883195877075,x_ref,23.008
751,3.752883195877075,x,22.28
752,3.7598557472229004,x_ref,23.008
753,3.7598557472229004,x,22.28
754,3.7703604698181152,x_ref,23.008
755,3.7703604698181152,x,22.28
756,3.7803537845611572,x_ref,23.008
757,3.7803537845611572,x,22.28
758,3.7894675731658936,x_ref,21.488
759,3.7894675731658936,x,22.28
760,3.8001015186309814,x_ref,21.488
761,3.8001015186309814,x,22.28
762,3.8099372386932373,x_ref,21.488
763,3.8099372386932373,x,22.28
764,3.820105791091919,x_ref,21.488
765,3.820105791091919,x,22.28
766,3.8301568031311035,x_ref,21.488
767,3.8301568031311035,x,22.28
768,3.8395276069641113,x_ref,19.976
769,3.8395276069641113,x,22.28
770,3.850254774093628,x_ref,19.976
771,3.850254774093628,x,19.656
772,3.8603830337524414,x_ref,19.976
773,3.8603830337524414,x,19.656
774,3.870105028152466,x_ref,19.976
775,3.870105028152466,x,19.656
776,3.880427122116089,x_ref,19.976
777,3.880427122116089,x,19.656
778,3.8893930912017822,x_ref,18.464
779,3.8893930912017822,x,19.656
780,3.9001054763793945,x_ref,18.464
781,3.9001054763793945,x,19.656
782,3.9100635051727295,x_ref,18.464
783,3.9100635051727295,x,19.656
784,3.9194540977478027,x_ref,18.464
785,3.9194540977478027,x,19.656
786,3.9303958415985107,x_ref,18.464
787,3.9303958415985107,x,19.656
788,3.9394302368164062,x_ref,16.936
789,3.9394302368164062,x,19.656
790,3.9501724243164062,x_ref,16.936
791,3.9501724243164062,x,16.76
792,3.9599573612213135,x_ref,16.936
793,3.9599573612213135,x,16.76
794,3.9696052074432373,x_ref,16.936
795,3.9696052074432373,x,16.76
796,3.9794769287109375,x_ref,16.936
797,3.9794769287109375,x,16.76
798,3.9903969764709473,x_ref,15.424
799,3.9903969764709473,x,16.76
800,4.000263929367065,x_ref,15.424
801,4.000263929367065,x,16.76
802,4.010118007659912,x_ref,15.424
803,4.010118007659912,x,16.76
804,4.020430326461792,x_ref,15.424
805,4.020430326461792,x,16.76
806,4.030115842819214,x_ref,15.424
807,4.030115842819214,x,16.76
808,4.040409564971924,x_ref,13.904
809,4.040409564971924,x,16.76
810,4.05222487449646,x_ref,13.904
811,4.05222487449646,x,13.736
812,4.060377836227417,x_ref,13.904
813,4.060377836227417,x,13.736
814,4.0700671672821045,x_ref,13.904
815,4.0700671672821045,x,13.736
816,4.080300331115723,x_ref,13.904
817,4.080300331115723,x,13.736
818,4.090427398681641,x_ref,12.392
819,4.090427398681641,x,13.736
820,4.1002607345581055,x_ref,12.392
821,4.1002607345581055,x,13.736
822,4.110144138336182,x_ref,12.392
823,4.110144138336182,x,13.736
824,4.120244979858398,x_ref,12.392
825,4.120244979858398,x,13.736
826,4.13037633895874,x_ref,12.392
827,4.13037633895874,x,13.736
828,4.140355348587036,x_ref,10.888
829,4.140355348587036,x,13.736
830,4.152777194976807,x_ref,10.888
831,4.152777194976807,x,10.76
832,4.1598899364471436,x_ref,10.888
833,4.1598899364471436,x,10.76
834,4.170422315597534,x_ref,10.888
835,4.170422315597534,x,10.76
836,4.179950714111328,x_ref,10.888
837,4.179950714111328,x,10.76
838,4.189894437789917,x_ref,9.36
839,4.189894437789917,x,10.76
840,4.199988603591919,x_ref,9.36
841,4.199988603591919,x,10.76
842,4.209929704666138,x_ref,9.36
843,4.209929704666138,x,10.76
844,4.219452381134033,x_ref,9.36
845,4.219452381134033,x,10.76
846,4.230375528335571,x_ref,9.36
847,4.230375528335571,x,10.76
848,4.240076303482056,x_ref,7.84
849,4.240076303482056,x,10.76
850,4.251619815826416,x_ref,7.84
851,4.251619815826416,x,7.776
852,4.259779930114746,x_ref,7.84
853,4.259779930114746,x,7.776
854,4.269408702850342,x_ref,7.84
855,4.269408702850342,x,7.776
856,4.2803919315338135,x_ref,7.84
857,4.2803919315338135,x,7.776
858,4.290175676345825,x_ref,6.328
859,4.290175676345825,x,7.776
860,4.3003151416778564,x_ref,6.328
861,4.3003151416778564,x,7.776
862,4.310094356536865,x_ref,6.328
863,4.310094356536865,x,7.776
864,4.3204405307769775,x_ref,6.328
865,4.3204405307769775,x,7.776
866,4.330023527145386,x_ref,6.328
867,4.330023527145386,x,7.776
868,4.340396881103516,x_ref,4.816
869,4.340396881103516,x,7.776
870,4.3523781299591064,x_ref,4.816
871,4.3523781299591064,x,4.752
872,4.359457731246948,x_ref,4.816
873,4.359457731246948,x,4.752
874,4.3702263832092285,x_ref,4.816
875,4.3702263832092285,x,4.752
876,4.380405902862549,x_ref,4.816
877,4.380405902862549,x,4.752
878,4.391316175460815,x_ref,3.296
879,4.391316175460815,x,4.752
880,4.400375604629517,x_ref,3.296
881,4.400375604629517,x,4.752
882,4.4104015827178955,x_ref,3.296
883,4.4104015827178955,x,4.752
884,4.420015096664429,x_ref,3.296
885,4.420015096664429,x,4.752
886,4.430273771286011,x_ref,3.296
887,4.430273771286011,x,4.752
888,4.44020414352417,x_ref,1.792
889,4.44020414352417,x,4.752
890,4.452313661575317,x_ref,1.792
891,4.452313661575317,x,1.8
892,4.460400581359863,x_ref,1.792
893,4.460400581359863,x,1.8
894,4.470094442367554,x_ref,1.792
895,4.470094442367554,x,1.8
896,4.480384349822998,x_ref,1.792
897,4.480384349822998,x,1.8
898,4.490921974182129,x_ref,0.28
899,4.490921974182129,x,1.8
900,4.499954700469971,x_ref,0.28
901,4.499954700469971,x,1.8
902,4.510763645172119,x_ref,0.28
903,4.510763645172119,x,1.8
904,4.520337104797363,x_ref,0.28
905,4.520337104797363,x,1.8
906,4.530404329299927,x_ref,0.28
907,4.530404329299927,x,1.8
908,4.540911674499512,x_ref,0.0
909,4.540911674499512,x,1.8
910,4.552247047424316,x_ref,0.0
911,4.552247047424316,x,-0.936
912,4.560381889343262,x_ref,0.0
913,4.560381889343262,x,-0.936
914,4.570105075836182,x_ref,0.0
915,4.570105075836182,x,-0.936
916,4.580251455307007,x_ref,0.0
917,4.580251455307007,x,-0.936
918,4.591837167739868,x_ref,0.0
919,4.591837167739868,x,-0.936
920,4.600456476211548,x_ref,0.0
921,4.600456476211548,x,-0.936
922,4.610100269317627,x_ref,0.0
923,4.610100269317627,x,-0.936
924,4.620374917984009,x_ref,0.0
925,4.620374917984009,x,-0.936
926,4.629478693008423,x_ref,0.0
927,4.629478693008423,x,-0.936
928,4.641247749328613,x_ref,0.0
929,4.641247749328613,x,-0.936
930,4.6517908573150635,x_ref,0.0
931,4.6517908573150635,x,-0.224
932,4.659894227981567,x_ref,0.0
933,4.659894227981567,x,-0.224
934,4.670454502105713,x_ref,0.0
935,4.670454502105713,x,-0.224
936,4.680377721786499,x_ref,0.0
937,4.680377721786499,x,-0.224
938,4.69127631187439,x_ref,0.0
939,4.69127631187439,x,-0.224
940,4.700076580047607,x_ref,0.0
941,4.700076580047607,x,-0.224
942,4.710738182067871,x_ref,0.0
943,4.710738182067871,x,-0.224
944,4.720226764678955,x_ref,0.0
945,4.720226764678955,x,-0.224
946,4.7301185131073,x_ref,0.0
947,4.7301185131073,x,-0.224
948,4.739750623703003,x_ref,0.0
949,4.739750623703003,x,-0.224
950,4.752948999404907,x_ref,0.0
951,4.752948999404907,x,0.032
952,4.7604029178619385,x_ref,0.0
953,4.7604029178619385,x,0.032
954,4.769978046417236,x_ref,0.0
955,4.769978046417236,x,0.032
956,4.780315637588501,x_ref,0.0
957,4.780315637588501,x,0.032
958,4.7917773723602295,x_ref,0.0
959,4.7917773723602295,x,0.032
960,4.800402641296387,x_ref,0.0
961,4.800402641296387,x,0.032
962,4.81011700630188,x_ref,0.0
963,4.81011700630188,x,0.032
964,4.820373773574829,x_ref,0.0
965,4.820373773574829,x,0.032
966,4.830400705337524,x_ref,0.0
967,4.830400705337524,x,0.032
968,4.840850830078125,x_ref,0.0
969,4.840850830078125,x,0.032
970,4.853827476501465,x_ref,0.0
971,4.853827476501465,x,0.0
972,4.860377073287964,x_ref,0.0
973,4.860377073287964,x,0.0
974,4.869957447052002,x_ref,0.0
975,4.869957447052002,x,0.0
976,4.880362510681152,x_ref,0.0
977,4.880362510681152,x,0.0
978,4.889576435089111,x_ref,0.0
979,4.889576435089111,x,0.0
980,4.9003753662109375,x_ref,0.0
981,4.9003753662109375,x,0.0
982,4.91012167930603,x_ref,0.0
983,4.91012167930603,x,0.0
984,4.9195122718811035,x_ref,0.0
985,4.9195122718811035,x,0.0
986,4.93040919303894,x_ref,0.0
987,4.93040919303894,x,0.0
988,4.939759254455566,x_ref,0.0
989,4.939759254455566,x,0.0
990,4.952733039855957,x_ref,0.0
991,4.952733039855957,x,0.0
992,4.960137844085693,x_ref,0.0
993,4.960137844085693,x,0.0
994,4.96938419342041,x_ref,0.0
995,4.96938419342041,x,0.0
996,4.980397939682007,x_ref,0.0
997,4.980397939682007,x,0.0
998,4.990785598754883,x_ref,0.0
999,4.990785598754883,x,0.0
1000,4.999526262283325,x_ref,0.0
1001,4.999526262283325,x,0.0
1002,5.010116100311279,x_ref,0.0
1003,5.010116100311279,x,0.0
1004,5.020400762557983,x_ref,0.0
1005,5.020400762557983,x,0.0
1006,5.0303285121917725,x_ref,0.0
1007,5.0303285121917725,x,0.0
1008,5.039498567581177,x_ref,0.0
1009,5.039498567581177,x,0.0
1010,5.053041696548462,x_ref,1.384
1011,5.053041696548462,x,0.0
1012,5.0603814125061035,x_ref,1.384
1013,5.0603814125061035,x,0.0
1014,5.069540977478027,x_ref,1.384
1015,5.069540977478027,x,0.0
1016,5.07952618598938,x_ref,1.384
1017,5.07952618598938,x,0.0
1018,5.090417146682739,x_ref,1.384
1019,5.090417146682739,x,0.0
1020,5.1004016399383545,x_ref,3.096
1021,5.1004016399383545,x,0.0
1022,5.110087871551514,x_ref,3.096
1023,5.110087871551514,x,0.0
1024,5.120404958724976,x_ref,3.096
1025,5.120404958724976,x,0.0
1026,5.130380630493164,x_ref,3.096
1027,5.130380630493164,x,0.0
1028,5.13948130607605,x_ref,3.096
1029,5.13948130607605,x,0.0
1030,5.152982234954834,x_ref,4.784
1031,5.152982234954834,x,1.896
1032,5.160369873046875,x_ref,4.784
1033,5.160369873046875,x,1.896
1034,5.169986248016357,x_ref,4.784
1035,5.169986248016357,x,1.896
1036,5.180171728134155,x_ref,4.784
1037,5.180171728134155,x,1.896
1038,5.189517021179199,x_ref,4.784
1039,5.189517021179199,x,1.896
1040,5.200137376785278,x_ref,6.52
1041,5.200137376785278,x,1.896
1042,5.209934711456299,x_ref,6.52
1043,5.209934711456299,x,1.896
1044,5.219988584518433,x_ref,6.52
1045,5.219988584518433,x,1.896
1046,5.230282306671143,x_ref,6.52
1047,5.230282306671143,x,1.896
1048,5.23993444442749,x_ref,6.52
1049,5.23993444442749,x,1.896
1050,5.254781007766724,x_ref,8.328
1051,5.254781007766724,x,7.584
1052,5.259902477264404,x_ref,8.328
1053,5.259902477264404,x,7.584
1054,5.270376205444336,x_ref,8.328
1055,5.270376205444336,x,7.584
1056,5.27998948097229,x_ref,8.328
1057,5.27998948097229,x,7.584
1058,5.289477109909058,x_ref,8.328
1059,5.289477109909058,x,7.584
1060,5.3011040687561035,x_ref,10.016
1061,5.3011040687561035,x,7.584
1062,5.309960126876831,x_ref,10.016
1063,5.309960126876831,x,7.584
1064,5.32027006149292,x_ref,10.016
1065,5.32027006149292,x,7.584
1066,5.330409526824951,x_ref,10.016
1067,5.330409526824951,x,7.584
1068,5.340007781982422,x_ref,10.016
1069,5.340007781982422,x,7.584
1070,5.3536765575408936,x_ref,11.712
1071,5.3536765575408936,x,12.656
1072,5.359384298324585,x_ref,11.712
1073,5.359384298324585,x,12.656
1074,5.369542360305786,x_ref,11.712
1075,5.369542360305786,x,12.656
1076,5.380080461502075,x_ref,11.712
1077,5.380080461502075,x,12.656
1078,5.389496564865112,x_ref,11.712
1079,5.389496564865112,x,12.656
1080,5.4021055698394775,x_ref,13.4
1081,5.4021055698394775,x,12.656
1082,5.410154819488525,x_ref,13.4
1083,5.410154819488525,x,12.656
1084,5.4203784465789795,x_ref,13.4
1085,5.4203784465789795,x,12.656
1086,5.43039870262146,x_ref,13.4
1087,5.43039870262146,x,12.656
1088,5.439929723739624,x_ref,13.4
1089,5.439929723739624,x,12.656
1090,5.452338933944702,x_ref,15.0
1091,5.452338933944702,x,14.528
1092,5.461943626403809,x_ref,15.0
1093,5.461943626403809,x,14.528
1094,5.470365762710571,x_ref,15.0
1095,5.470365762710571,x,14.528
1096,5.480172872543335,x_ref,15.0
1097,5.480172872543335,x,14.528
1098,5.489565134048462,x_ref,15.0
1099,5.489565134048462,x,14.528
1100,5.5003821849823,x_ref,15.0
1101,5.5003821849823,x,14.528
1102,5.510725736618042,x_ref,15.0
1103,5.510725736618042,x,14.528
1104,5.51997709274292,x_ref,15.0
1105,5.51997709274292,x,14.528
1106,5.530178070068359,x_ref,15.0
1107,5.530178070068359,x,14.528
1108,5.539958477020264,x_ref,15.0
1109,5.539958477020264,x,14.528
1110,5.551766872406006,x_ref,15.0
1111,5.551766872406006,x,16.112
1112,5.560628890991211,x_ref,15.0
1113,5.560628890991211,x,16.112
1114,5.570405721664429,x_ref,15.0
1115,5.570405721664429,x,16.112
1116,5.580395936965942,x_ref,15.0
1117,5.580395936965942,x,16.112
1118,5.589942455291748,x_ref,15.0
1119,5.589942455291748,x,16.112
1120,5.600433588027954,x_ref,15.0
1121,5.600433588027954,x,16.112
1122,5.609861135482788,x_ref,15.0
1123,5.609861135482788,x,16.112
1124,5.620179653167725,x_ref,15.0
1125,5.620179653167725,x,16.112
1126,5.630394697189331,x_ref,15.0
1127,5.630394697189331,x,16.112
1128,5.639518737792969,x_ref,15.0
1129,5.639518737792969,x,16.112
1130,5.651724100112915,x_ref,15.0
1131,5.651724100112915,x,14.792
1132,5.660328388214111,x_ref,15.0
1133,5.660328388214111,x,14.792
1134,5.670387029647827,x_ref,15.0
1135,5.670387029647827,x,14.792
1136,5.68034815788269,x_ref,15.0
1137,5.68034815788269,x,14.792
1138,5.690096139907837,x_ref,15.0
1139,5.690096139907837,x,14.792
1140,5.700010776519775,x_ref,15.0
1141,5.700010776519775,x,14.792
1142,5.711436033248901,x_ref,15.0
1143,5.711436033248901,x,14.792
1144,5.720099210739136,x_ref,15.0
1145,5.720099210739136,x,14.792
1146,5.73040771484375,x_ref,15.0
1147,5.73040771484375,x,14.792
1148,5.7400994300842285,x_ref,15.0
1149,5.7400994300842285,x,14.792
1150,5.751938581466675,x_ref,15.0
1151,5.751938581466675,x,15.0
1152,5.760954141616821,x_ref,15.0
1153,5.760954141616821,x,15.0
1154,5.769670009613037,x_ref,15.0
1155,5.769670009613037,x,15.0
1156,5.780375242233276,x_ref,15.0
1157,5.780375242233276,x,15.0
1158,5.789531230926514,x_ref,15.0
1159,5.789531230926514,x,15.0
1160,5.800386905670166,x_ref,15.0
1161,5.800386905670166,x,15.0
1162,5.811495065689087,x_ref,15.0
1163,5.811495065689087,x,15.0
1164,5.820197582244873,x_ref,15.0
1165,5.820197582244873,x,15.0
1166,5.8303844928741455,x_ref,15.0
1167,5.8303844928741455,x,15.0
1168,5.8399152755737305,x_ref,15.0
1169,5.8399152755737305,x,15.0
1170,5.85197901725769,x_ref,15.0
1171,5.85197901725769,x,15.0
1172,5.861612558364868,x_ref,15.0
1173,5.861612558364868,x,15.0
1174,5.870408058166504,x_ref,15.0
1175,5.870408058166504,x,15.0
1176,5.879532337188721,x_ref,15.0
1177,5.879532337188721,x,15.0
1178,5.89042592048645,x_ref,15.0
1179,5.89042592048645,x,15.0
1180,5.9002845287323,x_ref,15.0
1181,5.9002845287323,x,15.0
1182,5.911223411560059,x_ref,15.0
1183,5.911223411560059,x,15.0
1184,5.92013692855835,x_ref,15.0
1185,5.92013692855835,x,15.0
1186,5.93010139465332,x_ref,15.0
1187,5.93010139465332,x,15.0
1188,5.939504623413086,x_ref,15.0
1189,5.939504623413086,x,15.0
1190,5.951124429702759,x_ref,15.0
1191,5.951124429702759,x,15.0
1192,5.9622204303741455,x_ref,14.696
1193,5.9622204303741455,x,15.0
1194,5.9699623584747314,x_ref,14.696
1195,5.9699623584747314,x,15.0
1196,5.98036003112793,x_ref,14.696
1197,5.98036003112793,x,15.0
1198,5.989717960357666,x_ref,14.696
1199,5.989717960357666,x,15.0
1200,6.000365495681763,x_ref,14.696
1201,6.000365495681763,x,15.0
1202,6.01243257522583,x_ref,13.024
1203,6.01243257522583,x,15.0
1204,6.020147800445557,x_ref,13.024
1205,6.020147800445557,x,15.0
1206,6.030353307723999,x_ref,13.024
1207,6.030353307723999,x,15.0
1208,6.04040002822876,x_ref,13.024
1209,6.04040002822876,x,15.0
1210,6.051937818527222,x_ref,13.024
1211,6.051937818527222,x,13.688
1212,6.06017541885376,x_ref,11.328
1213,6.06017541885376,x,13.688
1214,6.070399045944214,x_ref,11.328
1215,6.070399045944214,x,13.688
1216,6.079977750778198,x_ref,11.328
1217,6.079977750778198,x,13.688
1218,6.090447902679443,x_ref,11.328
1219,6.090447902679443,x,13.688
1220,6.100363254547119,x_ref,11.328
1221,6.100363254547119,x,13.688
1222,6.109899520874023,x_ref,9.632
1223,6.109899520874023,x,13.688
1224,6.119477272033691,x_ref,9.632
1225,6.119477272033691,x,13.688
1226,6.12999153137207,x_ref,9.632
1227,6.12999153137207,x,13.688
1228,6.1409032344818115,x_ref,9.632
1229,6.1409032344818115,x,13.688
1230,6.150808334350586,x_ref,9.632
1231,6.150808334350586,x,8.8
1232,6.159709692001343,x_ref,7.952
1233,6.159709692001343,x,8.8
1234,6.169517755508423,x_ref,7.952
1235,6.169517755508423,x,8.8
1236,6.179455757141113,x_ref,7.952
1237,6.179455757141113,x,8.8
1238,6.190442323684692,x_ref,7.952
1239,6.190442323684692,x,8.8
1240,6.2004125118255615,x_ref,7.952
1241,6.2004125118255615,x,8.8
1242,6.210153818130493,x_ref,6.256
1243,6.210153818130493,x,8.8
1244,6.219976186752319,x_ref,6.256
1245,6.219976186752319,x,8.8
1246,6.230329990386963,x_ref,6.256
1247,6.230329990386963,x,8.8
1248,6.239534854888916,x_ref,6.256
1249,6.239534854888916,x,8.8
1250,6.250670909881592,x_ref,6.256
1251,6.250670909881592,x,4.872
1252,6.260498285293579,x_ref,4.568
1253,6.260498285293579,x,4.872
1254,6.27041482925415,x_ref,4.568
1255,6.27041482925415,x,4.872
1256,6.280383586883545,x_ref,4.568
1257,6.280383586883545,x,4.872
1258,6.2899169921875,x_ref,4.568
1259,6.2899169921875,x,4.872
1260,6.299980878829956,x_ref,4.568
1261,6.299980878829956,x,4.872
1262,6.309535980224609,x_ref,4.568
1263,6.309535980224609,x,4.872
1264,6.320269346237183,x_ref,2.872
1265,6.320269346237183,x,4.872
1266,6.33031439781189,x_ref,2.872
1267,6.33031439781189,x,4.872
1268,6.339576959609985,x_ref,2.872
1269,6.339576959609985,x,4.872
1270,6.349974632263184,x_ref,2.872
1271,6.349974632263184,x,1.904
1272,6.359748125076294,x_ref,2.872
1273,6.359748125076294,x,1.904
1274,6.370404481887817,x_ref,1.152
1275,6.370404481887817,x,1.904
1276,6.379955291748047,x_ref,1.152
1277,6.379955291748047,x,1.904
1278,6.390472650527954,x_ref,1.152
1279,6.390472650527954,x,1.904
1280,6.400378942489624,x_ref,1.152
1281,6.400378942489624,x,1.904
1282,6.410064935684204,x_ref,1.152
1283,6.410064935684204,x,1.904
1284,6.420381784439087,x_ref,0.0
1285,6.420381784439087,x,1.904
1286,6.430367946624756,x_ref,0.0
1287,6.430367946624756,x,1.904
1288,6.43954873085022,x_ref,0.0
1289,6.43954873085022,x,1.904
1290,6.450239181518555,x_ref,0.0
1291,6.450239181518555,x,-1.272
1292,6.460106134414673,x_ref,0.0
1293,6.460106134414673,x,-1.272
1294,6.469986438751221,x_ref,0.0
1295,6.469986438751221,x,-1.272
1296,6.480189323425293,x_ref,0.0
1297,6.480189323425293,x,-1.272
1298,6.4895079135894775,x_ref,0.0
1299,6.4895079135894775,x,-1.272
1300,6.500324249267578,x_ref,0.0
1301,6.500324249267578,x,-1.272
1302,6.510074138641357,x_ref,0.0
1303,6.510074138641357,x,-1.272
1304,6.5201416015625,x_ref,0.0
1305,6.5201416015625,x,-1.272
1306,6.530381441116333,x_ref,0.0
1307,6.530381441116333,x,-1.272
1308,6.5394673347473145,x_ref,0.0
1309,6.5394673347473145,x,-1.272
1310,6.550182580947876,x_ref,0.0
1311,6.550182580947876,x,-1.512
1312,6.559960603713989,x_ref,0.0
1313,6.559960603713989,x,-1.512
1314,6.569382190704346,x_ref,0.0
1315,6.569382190704346,x,-1.512
1316,6.580376386642456,x_ref,0.0
1317,6.580376386642456,x,-1.512
1318,6.590449094772339,x_ref,0.0
1319,6.590449094772339,x,-1.512
1320,6.600289821624756,x_ref,0.0
1321,6.600289821624756,x,-1.512
1322,6.609949827194214,x_ref,0.0
1323,6.609949827194214,x,-1.512
1324,6.620373725891113,x_ref,0.0
1325,6.620373725891113,x,-1.512
1326,6.629540681838989,x_ref,0.0
1327,6.629540681838989,x,-1.512
1328,6.640953540802002,x_ref,0.0
1329,6.640953540802002,x,-1.512
1330,6.651371717453003,x_ref,0.0
1331,6.651371717453003,x,0.592
1332,6.660310983657837,x_ref,0.0
1333,6.660310983657837,x,0.592
1334,6.670375108718872,x_ref,0.0
1335,6.670375108718872,x,0.592
1336,6.679450750350952,x_ref,0.0
1337,6.679450750350952,x,0.592
1338,6.6897759437561035,x_ref,0.0
1339,6.6897759437561035,x,0.592
1340,6.69953727722168,x_ref,0.0
1341,6.69953727722168,x,0.592
1342,6.710076808929443,x_ref,0.0
1343,6.710076808929443,x,0.592
1344,6.719633340835571,x_ref,0.0
1345,6.719633340835571,x,0.592
1346,6.729744911193848,x_ref,0.0
1347,6.729744911193848,x,0.592
1348,6.7404210567474365,x_ref,0.0
1349,6.7404210567474365,x,0.592
1350,6.7508769035339355,x_ref,0.0
1351,6.7508769035339355,x,-0.016
1352,6.759920597076416,x_ref,0.0
1353,6.759920597076416,x,-0.016
1354,6.769899129867554,x_ref,0.0
1355,6.769899129867554,x,-0.016
1356,6.7801899909973145,x_ref,0.0
1357,6.7801899909973145,x,-0.016
1358,6.789482116699219,x_ref,0.0
1359,6.789482116699219,x,-0.016
1360,6.800353288650513,x_ref,0.0
1361,6.800353288650513,x,-0.016
1362,6.810080051422119,x_ref,0.0
1363,6.810080051422119,x,-0.016
1364,6.820605754852295,x_ref,0.0
1365,6.820605754852295,x,-0.016
1366,6.830023527145386,x_ref,0.0
1367,6.830023527145386,x,-0.016
1368,6.839444637298584,x_ref,0.0
1369,6.839444637298584,x,-0.016
1370,6.850271940231323,x_ref,0.0
1371,6.850271940231323,x,0.0
1372,6.860149145126343,x_ref,0.0
1373,6.860149145126343,x,0.0
1374,6.869966268539429,x_ref,0.0
1375,6.869966268539429,x,0.0
1376,6.880232810974121,x_ref,0.0
1377,6.880232810974121,x,0.0
1378,6.88948917388916,x_ref,0.0
1379,6.88948917388916,x,0.0
1380,6.900344610214233,x_ref,0.0
1381,6.900344610214233,x,0.0
1382,6.910027027130127,x_ref,0.0
1383,6.910027027130127,x,0.0
1384,6.920246601104736,x_ref,0.552
1385,6.920246601104736,x,0.0
1386,6.930411100387573,x_ref,0.552
1387,6.930411100387573,x,0.0
1388,6.939502954483032,x_ref,0.552
1389,6.939502954483032,x,0.0
1390,6.950531721115112,x_ref,0.552
1391,6.950531721115112,x,0.096
1392,6.96011757850647,x_ref,0.552
1393,6.96011757850647,x,0.096
1394,6.970006942749023,x_ref,2.24
1395,6.970006942749023,x,0.096
1396,6.980356454849243,x_ref,2.24
1397,6.980356454849243,x,0.096
1398,6.989722728729248,x_ref,2.24
1399,6.989722728729248,x,0.096
1400,7.000385999679565,x_ref,2.24
1401,7.000385999679565,x,0.096
1402,7.010100603103638,x_ref,2.24
1403,7.010100603103638,x,0.096
1404,7.021350622177124,x_ref,3.92
1405,7.021350622177124,x,0.096
1406,7.030379295349121,x_ref,3.92
1407,7.030379295349121,x,0.096
1408,7.0403947830200195,x_ref,3.92
1409,7.0403947830200195,x,0.096
1410,7.051504850387573,x_ref,3.92
1411,7.051504850387573,x,2.984
1412,7.060117483139038,x_ref,3.92
1413,7.060117483139038,x,2.984
1414,7.0701704025268555,x_ref,5.6
1415,7.0701704025268555,x,2.984
1416,7.080383062362671,x_ref,5.6
1417,7.080383062362671,x,2.984
1418,7.089571952819824,x_ref,5.6
1419,7.089571952819824,x,2.984
1420,7.100379467010498,x_ref,5.6
1421,7.100379467010498,x,2.984
1422,7.1100897789001465,x_ref,5.6
1423,7.1100897789001465,x,2.984
1424,7.121617794036865,x_ref,7.288
1425,7.121617794036865,x,2.984
1426,7.130012512207031,x_ref,7.288
1427,7.130012512207031,x,2.984
1428,7.139441728591919,x_ref,7.288
1429,7.139441728591919,x,2.984
1430,7.15067982673645,x_ref,7.288
1431,7.15067982673645,x,8.624
1432,7.160399675369263,x_ref,7.288
1433,7.160399675369263,x,8.624
1434,7.171352386474609,x_ref,8.968
1435,7.171352386474609,x,8.624
1436,7.180104732513428,x_ref,8.968
1437,7.180104732513428,x,8.624
1438,7.189539909362793,x_ref,8.968
1439,7.189539909362793,x,8.624
1440,7.200409650802612,x_ref,8.968
1441,7.200409650802612,x,8.624
1442,7.210327863693237,x_ref,8.968
1443,7.210327863693237,x,8.624
1444,7.221333980560303,x_ref,10.648
1445,7.221333980560303,x,8.624
1446,7.230076789855957,x_ref,10.648
1447,7.230076789855957,x,8.624
1448,7.240457057952881,x_ref,10.648
1449,7.240457057952881,x,8.624
1450,7.251573085784912,x_ref,10.648
1451,7.251573085784912,x,11.456
1452,7.259876489639282,x_ref,10.648
1453,7.259876489639282,x,11.456
1454,7.272021293640137,x_ref,12.32
1455,7.272021293640137,x,11.456
1456,7.280009746551514,x_ref,12.32
1457,7.280009746551514,x,11.456
1458,7.290298700332642,x_ref,12.32
1459,7.290298700332642,x,11.456
1460,7.300300121307373,x_ref,12.32
1461,7.300300121307373,x,11.456
1462,7.310055255889893,x_ref,12.32
1463,7.310055255889893,x,11.456
1464,7.321871757507324,x_ref,14.016
1465,7.321871757507324,x,11.456
1466,7.330409049987793,x_ref,14.016
1467,7.330409049987793,x,11.456
1468,7.339413404464722,x_ref,14.016
1469,7.339413404464722,x,11.456
1470,7.350017547607422,x_ref,14.016
1471,7.350017547607422,x,14.712
1472,7.360733509063721,x_ref,14.016
1473,7.360733509063721,x,14.712
1474,7.36949896812439,x_ref,15.696
1475,7.36949896812439,x,14.712
1476,7.38036584854126,x_ref,15.696
1477,7.38036584854126,x,14.712
1478,7.390431880950928,x_ref,15.696
1479,7.390431880950928,x,14.712
1480,7.400322675704956,x_ref,15.696
1481,7.400322675704956,x,14.712
1482,7.409993410110474,x_ref,15.696
1483,7.409993410110474,x,14.712
1484,7.420260667800903,x_ref,17.376
1485,7.420260667800903,x,14.712
1486,7.429656267166138,x_ref,17.376
1487,7.429656267166138,x,14.712
1488,7.440927267074585,x_ref,17.376
1489,7.440927267074585,x,14.712
1490,7.45115327835083,x_ref,17.376
1491,7.45115327835083,x,18.024
1492,7.460061073303223,x_ref,17.376
1493,7.460061073303223,x,18.024
1494,7.469899654388428,x_ref,19.08
1495,7.469899654388428,x,18.024
1496,7.479637622833252,x_ref,19.08
1497,7.479637622833252,x,18.024
1498,7.490280628204346,x_ref,19.08
1499,7.490280628204346,x,18.024
1500,7.500269651412964,x_ref,19.08
1501,7.500269651412964,x,18.024
1502,7.510157823562622,x_ref,19.08
1503,7.510157823562622,x,18.024
1504,7.520102500915527,x_ref,20.752
1505,7.520102500915527,x,18.024
1506,7.529633283615112,x_ref,20.752
1507,7.529633283615112,x,18.024
1508,7.540208339691162,x_ref,20.752
1509,7.540208339691162,x,18.024
1510,7.55092191696167,x_ref,20.752
1511,7.55092191696167,x,21.336
1512,7.560333251953125,x_ref,20.752
1513,7.560333251953125,x,21.336
1514,7.570588111877441,x_ref,22.44
1515,7.570588111877441,x,21.336
1516,7.579969167709351,x_ref,22.44
1517,7.579969167709351,x,21.336
1518,7.589500188827515,x_ref,22.44
1519,7.589500188827515,x,21.336
1520,7.599734306335449,x_ref,22.44
1521,7.599734306335449,x,21.336
1522,7.610630989074707,x_ref,22.44
1523,7.610630989074707,x,21.336
1524,7.619894027709961,x_ref,22.44
1525,7.619894027709961,x,21.336
1526,7.629738807678223,x_ref,24.144
1527,7.629738807678223,x,21.336
1528,7.639447450637817,x_ref,24.144
1529,7.639447450637817,x,21.336
1530,7.6512672901153564,x_ref,24.144
1531,7.6512672901153564,x,24.744
1532,7.660220146179199,x_ref,24.144
1533,7.660220146179199,x,24.744
1534,7.6701459884643555,x_ref,24.144
1535,7.6701459884643555,x,24.744
1536,7.6797473430633545,x_ref,25.84
1537,7.6797473430633545,x,24.744
1538,7.689407587051392,x_ref,25.84
1539,7.689407587051392,x,24.744
1540,7.699979305267334,x_ref,25.84
1541,7.699979305267334,x,24.744
1542,7.709737300872803,x_ref,25.84
1543,7.709737300872803,x,24.744
1544,7.720440626144409,x_ref,25.84
1545,7.720440626144409,x,24.744
1546,7.730824708938599,x_ref,27.528
1547,7.730824708938599,x,24.744
1548,7.7398786544799805,x_ref,27.528
1549,7.7398786544799805,x,24.744
1550,7.750687599182129,x_ref,27.528
1551,7.750687599182129,x,28.056
1552,7.760365962982178,x_ref,27.528
1553,7.760365962982178,x,28.056
1554,7.770236492156982,x_ref,27.528
1555,7.770236492156982,x,28.056
1556,7.779633045196533,x_ref,29.288
1557,7.779633045196533,x,28.056
1558,7.790452241897583,x_ref,29.288
1559,7.790452241897583,x,28.056
1560,7.800232887268066,x_ref,29.288
1561,7.800232887268066,x,28.056
1562,7.810656547546387,x_ref,29.288
1563,7.810656547546387,x,28.056
1564,7.820320129394531,x_ref,29.288
1565,7.820320129394531,x,28.056
1566,7.830198764801025,x_ref,30.0
1567,7.830198764801025,x,28.056
1568,7.839437007904053,x_ref,30.0
1569,7.839437007904053,x,28.056
1570,7.851222038269043,x_ref,30.0
1571,7.851222038269043,x,31.424
1572,7.860243797302246,x_ref,30.0
1573,7.860243797302246,x,31.424
1574,7.869859218597412,x_ref,30.0
1575,7.869859218597412,x,31.424
1576,7.880156755447388,x_ref,30.0
1577,7.880156755447388,x,31.424
1578,7.890733003616333,x_ref,30.0
1579,7.890733003616333,x,31.424
1580,7.90044903755188,x_ref,30.0
1581,7.90044903755188,x,31.424
1582,7.909983158111572,x_ref,30.0
1583,7.909983158111572,x,31.424
1584,7.920377731323242,x_ref,30.0
1585,7.920377731323242,x,31.424
1586,7.929398059844971,x_ref,30.0
1587,7.929398059844971,x,31.424
1588,7.9396491050720215,x_ref,30.0
1589,7.9396491050720215,x,31.424
1590,7.950833082199097,x_ref,30.0
1591,7.950833082199097,x,32.224
1592,7.9603354930877686,x_ref,30.0
1593,7.9603354930877686,x,32.224
1594,7.969491243362427,x_ref,30.0
1595,7.969491243362427,x,32.224
1596,7.9798102378845215,x_ref,30.0
1597,7.9798102378845215,x,32.224
1598,7.98939847946167,x_ref,30.0
1599,7.98939847946167,x,32.224
1600,8.000322103500366,x_ref,30.0
1601,8.000322103500366,x,32.224
1602,8.009936094284058,x_ref,30.0
1603,8.009936094284058,x,32.224
1604,8.019858360290527,x_ref,30.0
1605,8.019858360290527,x,32.224
1606,8.029451847076416,x_ref,30.0
1607,8.029451847076416,x,32.224
1608,8.040506839752197,x_ref,30.0
1609,8.040506839752197,x,32.224
1610,8.051145792007446,x_ref,30.0
1611,8.051145792007446,x,29.592
1612,8.059691667556763,x_ref,30.0
1613,8.059691667556763,x,29.592
1614,8.069381952285767,x_ref,30.0
1615,8.069381952285767,x,29.592
1616,8.08081841468811,x_ref,30.0
1617,8.08081841468811,x,29.592
1618,8.090388774871826,x_ref,30.0
1619,8.090388774871826,x,29.592
1620,8.10007929801941,x_ref,30.0
1621,8.10007929801941,x,29.592
1622,8.110182285308838,x_ref,30.0
1623,8.110182285308838,x,29.592
1624,8.119577646255493,x_ref,30.0
1625,8.119577646255493,x,29.592
1626,8.130297183990479,x_ref,30.0
1627,8.130297183990479,x,29.592
1628,8.139413118362427,x_ref,30.0
1629,8.139413118362427,x,29.592
1630,8.15114974975586,x_ref,30.0
1631,8.15114974975586,x,29.464
1632,8.160138130187988,x_ref,30.0
1633,8.160138130187988,x,29.464
1634,8.170373439788818,x_ref,30.0
1635,8.170373439788818,x,29.464
1636,8.18030834197998,x_ref,30.0
1637,8.18030834197998,x,29.464
1638,8.189481019973755,x_ref,30.0
1639,8.189481019973755,x,29.464
1640,8.199520587921143,x_ref,30.0
1641,8.199520587921143,x,29.464
1642,8.210018873214722,x_ref,30.0
1643,8.210018873214722,x,29.464
1644,8.220462083816528,x_ref,30.0
1645,8.220462083816528,x,29.464
1646,8.232104778289795,x_ref,30.0
1647,8.232104778289795,x,29.464
1648,8.239390134811401,x_ref,30.0
1649,8.239390134811401,x,29.464
1650,8.250452518463135,x_ref,30.0
1651,8.250452518463135,x,30.032
1652,8.260423183441162,x_ref,30.0
1653,8.260423183441162,x,30.032
1654,8.269951820373535,x_ref,30.0
1655,8.269951820373535,x,30.032
1656,8.28100872039795,x_ref,30.0
1657,8.28100872039795,x,30.032
1658,8.289509534835815,x_ref,30.0
1659,8.289509534835815,x,30.032
1660,8.3003830909729,x_ref,30.0
1661,8.3003830909729,x,30.032
1662,8.310218095779419,x_ref,30.0
1663,8.310218095779419,x,30.032
1664,8.319547653198242,x_ref,30.0
1665,8.319547653198242,x,30.032
1666,8.331755638122559,x_ref,29.048
1667,8.331755638122559,x,30.032
1668,8.3394033908844,x_ref,29.048
1669,8.3394033908844,x,30.032
1670,8.350105047225952,x_ref,29.048
1671,8.350105047225952,x,29.984
1672,8.359499216079712,x_ref,29.048
1673,8.359499216079712,x,29.984
1674,8.369397640228271,x_ref,29.048
1675,8.369397640228271,x,29.984
1676,8.381253004074097,x_ref,27.368
1677,8.381253004074097,x,29.984
1678,8.389455556869507,x_ref,27.368
1679,8.389455556869507,x,29.984
1680,8.3996741771698,x_ref,27.368
1681,8.3996741771698,x,29.984
1682,8.409932851791382,x_ref,27.368
1683,8.409932851791382,x,29.984
1684,8.419866561889648,x_ref,27.368
1685,8.419866561889648,x,29.984
1686,8.430174112319946,x_ref,25.688
1687,8.430174112319946,x,29.984
1688,8.439880609512329,x_ref,25.688
1689,8.439880609512329,x,29.984
1690,8.450105428695679,x_ref,25.688
1691,8.450105428695679,x,27.672
1692,8.46037769317627,x_ref,25.688
1693,8.46037769317627,x,27.672
1694,8.470538854598999,x_ref,25.688
1695,8.470538854598999,x,27.672
1696,8.481965065002441,x_ref,24.008
1697,8.481965065002441,x,27.672
1698,8.489397764205933,x_ref,24.008
1699,8.489397764205933,x,27.672
1700,8.500396728515625,x_ref,24.008
1701,8.500396728515625,x,27.672
1702,8.509931325912476,x_ref,24.008
1703,8.509931325912476,x,27.672
1704,8.520407676696777,x_ref,24.008
1705,8.520407676696777,x,27.672
1706,8.531993627548218,x_ref,22.32
1707,8.531993627548218,x,27.672
1708,8.5394766330719,x_ref,22.32
1709,8.5394766330719,x,27.672
1710,8.550679922103882,x_ref,22.32
1711,8.550679922103882,x,21.776
1712,8.559572219848633,x_ref,22.32
1713,8.559572219848633,x,21.776
1714,8.570192337036133,x_ref,22.32
1715,8.570192337036133,x,21.776
1716,8.57986855506897,x_ref,20.648
1717,8.57986855506897,x,21.776
1718,8.589850425720215,x_ref,20.648
1719,8.589850425720215,x,21.776
1720,8.59995985031128,x_ref,20.648
1721,8.59995985031128,x,21.776
1722,8.610374212265015,x_ref,20.648
1723,8.610374212265015,x,21.776
1724,8.619804859161377,x_ref,20.648
1725,8.619804859161377,x,21.776
1726,8.630378723144531,x_ref,18.96
1727,8.630378723144531,x,21.776
1728,8.640412092208862,x_ref,18.96
1729,8.640412092208862,x,21.776
1730,8.65250301361084,x_ref,18.96
1731,8.65250301361084,x,17.832
1732,8.66035795211792,x_ref,18.96
1733,8.66035795211792,x,17.832
1734,8.670377731323242,x_ref,18.96
1735,8.670377731323242,x,17.832
1736,8.680809259414673,x_ref,17.272
1737,8.680809259414673,x,17.832
1738,8.690397024154663,x_ref,17.272
1739,8.690397024154663,x,17.832
1740,8.700330257415771,x_ref,17.272
1741,8.700330257415771,x,17.832
1742,8.710702419281006,x_ref,17.272
1743,8.710702419281006,x,17.832
1744,8.72034764289856,x_ref,17.272
1745,8.72034764289856,x,17.832
1746,8.730418920516968,x_ref,15.592
1747,8.730418920516968,x,17.832
1748,8.739888429641724,x_ref,15.592
1749,8.739888429641724,x,17.832
1750,8.751551628112793,x_ref,15.592
1751,8.751551628112793,x,15.384
1752,8.760382175445557,x_ref,15.592
1753,8.760382175445557,x,15.384
1754,8.770379781723022,x_ref,15.592
1755,8.770379781723022,x,15.384
1756,8.78092646598816,x_ref,13.904
1757,8.78092646598816,x,15.384
1758,8.78940463066101,x_ref,13.904
1759,8.78940463066101,x,15.384
1760,8.800350189208984,x_ref,13.904
1761,8.800350189208984,x,15.384
1762,8.81021785736084,x_ref,13.904
1763,8.81021785736084,x,15.384
1764,8.820139408111572,x_ref,13.904
1765,8.820139408111572,x,15.384
1766,8.830246448516846,x_ref,13.904
1767,8.830246448516846,x,15.384
1768,8.840439558029175,x_ref,12.192
1769,8.840439558029175,x,15.384
1770,8.852553367614746,x_ref,12.192
1771,8.852553367614746,x,11.944
1772,8.860082387924194,x_ref,12.192
1773,8.860082387924194,x,11.944
1774,8.869476795196533,x_ref,12.192
1775,8.869476795196533,x,11.944
1776,8.87972617149353,x_ref,12.192
1777,8.87972617149353,x,11.944
1778,8.88973069190979,x_ref,10.44
1779,8.88973069190979,x,11.944
1780,8.900017738342285,x_ref,10.44
1781,8.900017738342285,x,11.944
1782,8.910142183303833,x_ref,10.44
1783,8.910142183303833,x,11.944
1784,8.920280456542969,x_ref,10.44
1785,8.920280456542969,x,11.944
1786,8.930370569229126,x_ref,10.44
1787,8.930370569229126,x,11.944
1788,8.940407037734985,x_ref,8.76
1789,8.940407037734985,x,11.944
1790,8.952332735061646,x_ref,8.76
1791,8.952332735061646,x,8.576
1792,8.960154056549072,x_ref,8.76
1793,8.960154056549072,x,8.576
1794,8.970000982284546,x_ref,8.76
1795,8.970000982284546,x,8.576
1796,8.979926824569702,x_ref,8.76
1797,8.979926824569702,x,8.576
1798,8.989497900009155,x_ref,7.08
1799,8.989497900009155,x,8.576
1800,8.999409437179565,x_ref,7.08
1801,8.999409437179565,x,8.576
1802,9.010797500610352,x_ref,7.08
1803,9.010797500610352,x,8.576
1804,9.020142316818237,x_ref,7.08
1805,9.020142316818237,x,8.576
1806,9.030398845672607,x_ref,7.08
1807,9.030398845672607,x,8.576
1808,9.040403127670288,x_ref,5.392
1809,9.040403127670288,x,8.576
1810,9.051413774490356,x_ref,5.392
1811,9.051413774490356,x,5.288
1812,9.06027889251709,x_ref,5.392
1813,9.06027889251709,x,5.288
1814,9.07037878036499,x_ref,5.392
1815,9.07037878036499,x,5.288
1816,9.079457998275757,x_ref,5.392
1817,9.079457998275757,x,5.288
1818,9.090065717697144,x_ref,3.72
1819,9.090065717697144,x,5.288
1820,9.100373029708862,x_ref,3.72
1821,9.100373029708862,x,5.288
1822,9.11018681526184,x_ref,3.72
1823,9.11018681526184,x,5.288
1824,9.12005877494812,x_ref,3.72
1825,9.12005877494812,x,5.288
1826,9.130220651626587,x_ref,3.72
1827,9.130220651626587,x,5.288
